1183,141436,5.0
1183,143427,5.0
1183,137635,5.0
1183,136432,5.0
1183,142248,5.0
1234,135977,4.0
1234,146876,4.0
1234,140604,4.0
1234,141978,4.0
1234,145851,4.0
1234,137916,5.0
1234,139227,3.0
1234,142686,3.0
1234,142913,5.0
915,140374,5.0
915,143778,5.0
915,142129,5.0
915,142047,5.0
915,135534,5.0
915,137763,5.0
915,139929,5.0
915,146089,4.0
915,140661,5.0
915,139845,5.0
915,140633,5.0
915,144502,5.0
915,137745,5.0
915,142001,5.0
915,138641,3.0
915,146827,5.0
915,144153,5.0
915,135369,5.0
915,142260,5.0
915,140929,5.0
915,140457,5.0
915,145985,5.0
915,141830,4.0
915,138509,5.0
915,146400,5.0
915,147554,5.0
915,142094,5.0
915,140905,5.0
915,144436,5.0
915,135778,5.0
915,140738,4.0
915,144669,5.0
915,142439,5.0
915,137252,5.0
915,147027,5.0
915,139127,5.0
915,141692,5.0
915,136818,5.0
89,135747,5.0
89,139647,5.0
89,141049,5.0
89,141611,5.0
89,141172,5.0
89,137645,5.0
782,146234,5.0
782,145561,5.0
782,147897,4.0
782,145384,5.0
782,141261,5.0
667,142077,5.0
667,137100,4.0
667,138452,5.0
667,138284,4.0
667,146536,5.0
88,145414,5.0
88,136427,5.0
88,144889,5.0
88,145202,5.0
88,135124,4.0
88,146370,5.0
88,147006,5.0
88,137795,5.0
88,141782,4.0
88,143579,5.0
88,147885,5.0
88,144129,5.0
1300,140660,4.0
1300,145178,3.0
1300,141918,5.0
1300,138617,5.0
1300,137190,5.0
1300,147939,4.0
1300,143481,4.0
1300,139411,4.0
1300,142880,4.0
1300,138784,4.0
1300,140236,5.0
1300,137985,5.0
1300,146908,4.0
1300,143831,5.0
1300,145292,4.0
1300,134856,5.0
1300,140226,5.0
1300,137978,5.0
1300,146287,4.0
1300,147340,5.0
1300,144374,4.0
1300,135541,5.0
1300,135951,5.0
1300,137022,5.0
107,138063,5.0
107,141498,5.0
107,140425,5.0
107,137872,5.0
107,141471,5.0
107,135621,5.0
107,139558,5.0
107,135903,5.0
107,139063,5.0
107,138700,5.0
107,139651,3.0
107,145109,4.0
107,137235,5.0
107,146136,5.0
107,147668,5.0
107,138657,5.0
107,139017,5.0
107,137864,5.0
107,139183,5.0
107,135189,5.0
107,138712,5.0
107,138926,5.0
107,141372,5.0
107,145571,4.0
766,145876,5.0
766,146918,5.0
766,145404,4.0
766,139325,5.0
766,140544,4.0
766,146342,5.0
766,135744,2.0
766,144969,2.0
766,134961,5.0
766,141187,4.0
766,144887,5.0
766,139582,4.0
766,146750,4.0
764,142300,5.0
764,137017,5.0
764,138191,5.0
764,138554,2.0
764,139743,5.0
764,140575,5.0
595,146661,5.0
595,145825,5.0
595,142901,5.0
595,136322,5.0
595,141019,5.0
595,144692,5.0
595,136494,5.0
595,144479,5.0
147,141458,5.0
147,145058,4.0
147,143141,4.0
147,143055,5.0
147,137262,5.0
147,146514,5.0
1082,140619,3.0
1082,140949,5.0
1082,143687,5.0
1082,141413,5.0
1082,146808,5.0
1082,135184,5.0
1082,147613,5.0
1082,146972,4.0
1082,139904,5.0
1082,147813,5.0
1006,135676,2.0
1006,135045,3.0
1006,140860,4.0
1006,137697,3.0
1006,140430,3.0
1006,144122,3.0
1006,145836,3.0
1006,141780,4.0
1006,135438,4.0
1006,136833,3.0
1006,140778,4.0
1006,138741,2.0
533,140096,5.0
533,142545,5.0
533,142934,5.0
533,146239,5.0
533,147653,5.0
533,140789,5.0
533,147205,5.0
533,141935,5.0
533,139597,5.0
533,146847,5.0
533,144486,5.0
533,136245,5.0
533,144275,5.0
403,138084,3.0
403,139644,5.0
403,137229,4.0
403,143362,5.0
403,138174,5.0
403,141839,5.0
403,140535,5.0
403,142117,5.0
403,142036,5.0
403,144422,5.0
403,135874,5.0
403,135850,5.0
403,135552,4.0
403,143597,4.0
403,140618,5.0
403,136097,5.0
403,146231,5.0
403,140313,5.0
403,139652,4.0
403,137506,5.0
403,145262,5.0
403,144191,5.0
1267,145918,5.0
1267,137072,5.0
1267,135446,5.0
1267,142951,5.0
1267,146852,5.0
1267,144295,5.0
1267,136587,5.0
1267,141296,5.0
567,141642,5.0
567,137162,5.0
567,144513,5.0
567,140045,5.0
567,137567,5.0
1195,144000,4.0
1195,142612,3.0
1195,141662,5.0
1195,137116,2.0
1195,141647,4.0
1195,138516,4.0
1195,141493,4.0
1195,140609,3.0
1195,137316,4.0
1195,138407,5.0
1195,140171,5.0
332,138034,5.0
332,146935,5.0
332,144386,5.0
332,143799,3.0
332,146868,5.0
332,145196,4.0
332,139720,5.0
332,135382,5.0
332,138201,5.0
550,142664,5.0
550,137945,5.0
550,143692,5.0
550,145710,5.0
550,137664,5.0
550,141849,5.0
995,138759,4.0
995,141506,5.0
995,135567,5.0
995,135993,5.0
995,146457,5.0
995,145177,4.0
1131,142798,5.0
1131,146611,4.0
1131,140372,5.0
1131,145931,5.0
1131,135681,5.0
1131,144199,5.0
1131,145214,5.0
1018,140027,5.0
1018,137141,5.0
1018,140391,5.0
1018,146629,5.0
1018,135989,5.0
1018,144955,3.0
1001,134863,5.0
1001,147353,5.0
1001,137925,2.0
1001,135550,5.0
1001,142309,5.0
1163,147865,5.0
1163,147747,5.0
1163,138062,4.0
1163,138596,5.0
1163,136727,5.0
1163,136018,5.0
1163,144239,5.0
1163,146590,5.0
1163,144706,5.0
239,143612,5.0
239,140273,5.0
239,145557,5.0
239,144182,5.0
239,142120,5.0
206,137703,5.0
206,137926,5.0
206,141539,5.0
206,138205,5.0
206,137823,5.0
806,138730,4.0
806,140649,5.0
806,145729,4.0
806,144297,3.0
806,144080,5.0
806,142419,4.0
17,135893,5.0
17,135268,3.0
17,138973,5.0
17,142955,3.0
17,136738,5.0
1235,145053,5.0
1235,144882,4.0
1235,136150,4.0
1235,145053,5.0
1235,144882,4.0
1235,136150,4.0
542,137841,5.0
542,135061,5.0
542,135785,5.0
542,144949,5.0
542,143804,5.0
473,145051,5.0
473,141121,5.0
473,142055,5.0
473,141609,5.0
473,145167,5.0
473,143524,5.0
473,141569,5.0
473,135441,5.0
473,145435,5.0
985,143504,2.0
985,137263,5.0
985,135489,5.0
985,144564,2.0
985,138349,1.0
985,143802,3.0
985,135373,5.0
985,143230,5.0
1312,141800,5.0
1312,137929,5.0
1312,144395,5.0
1312,143148,5.0
1312,145754,5.0
5,143008,5.0
5,135522,5.0
5,140042,5.0
5,140650,5.0
5,138159,5.0
5,147379,5.0
5,140277,5.0
5,137457,5.0
5,139270,5.0
5,138910,5.0
294,147742,5.0
294,144823,5.0
294,144356,5.0
294,138603,5.0
294,147491,5.0
114,140692,5.0
114,139154,5.0
114,137844,5.0
114,143232,3.0
114,135000,3.0
114,146539,5.0
114,142938,5.0
1003,142159,5.0
1003,138038,5.0
1003,145914,5.0
1003,146581,5.0
1003,139419,3.0
506,138701,5.0
506,140937,5.0
506,138902,5.0
506,136028,5.0
506,145348,5.0
251,146821,5.0
251,136604,5.0
251,146528,5.0
251,135328,5.0
251,138952,5.0
251,135814,5.0
251,146240,5.0
251,146370,5.0
251,136512,5.0
251,136535,5.0
251,138799,5.0
251,140476,5.0
251,139611,5.0
251,139054,5.0
251,140475,5.0
251,146673,5.0
251,144838,4.0
251,146413,5.0
251,138862,5.0
251,140372,5.0
251,140135,5.0
251,136310,5.0
251,136398,5.0
251,146563,5.0
251,144175,5.0
251,147817,5.0
251,139648,5.0
251,141813,5.0
251,146307,5.0
251,139513,5.0
251,134932,5.0
251,141519,5.0
248,145112,5.0
248,135841,5.0
248,139756,5.0
248,141067,5.0
248,140821,5.0
785,136771,5.0
785,141821,5.0
785,138877,5.0
785,144890,5.0
785,146044,5.0
785,143843,5.0
785,145797,5.0
785,136445,5.0
785,141100,5.0
785,141693,5.0
785,143934,5.0
785,143142,5.0
785,146057,5.0
785,139095,5.0
73,142528,5.0
73,142812,5.0
73,138982,5.0
73,147406,3.0
73,143589,5.0
225,143505,5.0
225,138550,5.0
225,142037,5.0
225,136375,5.0
225,144556,5.0
217,139713,5.0
217,145132,5.0
217,147613,5.0
217,137827,5.0
217,144584,5.0
557,146851,5.0
557,143682,4.0
557,140755,3.0
557,137638,4.0
557,146307,4.0
557,146493,5.0
557,142558,5.0
557,145690,5.0
557,135523,5.0
557,142539,5.0
1096,137630,5.0
1096,137531,5.0
1096,144446,5.0
1096,138841,5.0
1096,136718,5.0
142,138375,5.0
142,138282,5.0
142,145279,5.0
142,135970,5.0
142,136207,5.0
142,146360,5.0
142,142403,5.0
142,138564,5.0
142,144059,5.0
584,139265,5.0
584,137801,5.0
584,140020,5.0
584,140981,5.0
584,139841,4.0
628,143720,5.0
628,147282,4.0
628,140808,4.0
628,140478,4.0
628,143361,5.0
628,135701,4.0
628,143119,4.0
628,141222,4.0
628,143724,5.0
289,138658,5.0
289,135656,5.0
289,136524,5.0
289,145069,5.0
289,138431,5.0
289,136621,3.0
289,140776,5.0
289,139252,5.0
158,144943,5.0
158,147282,5.0
158,135008,5.0
158,135266,5.0
158,144963,5.0
158,135684,5.0
158,139126,5.0
158,137102,5.0
514,143693,4.0
514,136639,5.0
514,144953,5.0
514,147227,5.0
514,144639,5.0
947,143747,5.0
947,140857,3.0
947,136112,5.0
947,145531,5.0
947,142688,5.0
947,141344,5.0
266,139046,5.0
266,140950,5.0
266,136843,5.0
266,139284,5.0
266,147389,5.0
266,137182,5.0
266,138536,5.0
266,144163,5.0
266,140092,5.0
266,136240,5.0
266,147603,5.0
266,140373,5.0
266,138172,5.0
266,138520,5.0
266,138855,5.0
266,139439,5.0
266,136781,5.0
266,144952,5.0
266,143620,5.0
266,143656,5.0
266,136194,5.0
266,144323,5.0
266,142084,5.0
266,137796,5.0
266,146113,5.0
266,141350,5.0
266,139046,5.0
266,140950,5.0
266,136843,5.0
266,139284,5.0
266,147389,5.0
266,137182,5.0
266,138536,5.0
266,144163,5.0
266,140092,5.0
266,136240,5.0
266,147603,5.0
266,140373,5.0
266,138172,5.0
266,138520,5.0
266,138855,5.0
266,139439,5.0
266,136781,5.0
266,144952,5.0
266,143620,5.0
266,143656,5.0
266,136194,5.0
266,144323,5.0
266,142084,5.0
266,137796,5.0
266,146113,5.0
266,141350,5.0
704,147135,5.0
704,136999,3.0
704,139837,5.0
704,136252,5.0
704,143407,2.0
448,145848,5.0
448,135817,5.0
448,145858,5.0
448,134833,5.0
448,141876,5.0
278,147604,5.0
278,136826,5.0
278,135329,3.0
278,139237,4.0
278,143999,4.0
278,142989,4.0
1168,141150,5.0
1168,145849,5.0
1168,140021,5.0
1168,144243,5.0
1168,145337,5.0
579,144120,4.0
579,137183,5.0
579,143029,4.0
579,139032,5.0
579,147517,5.0
655,146527,4.0
655,138088,4.0
655,137731,5.0
655,139217,5.0
655,144355,5.0
655,142387,4.0
655,145021,3.0
655,140136,5.0
175,138786,2.0
175,140700,5.0
175,139213,5.0
175,146357,5.0
175,147801,5.0
1191,147745,5.0
1191,142506,5.0
1191,140408,5.0
1191,140467,5.0
1191,137150,5.0
1191,144188,5.0
1191,141247,5.0
1191,147767,5.0
1191,140662,5.0
1191,141702,5.0
1191,140197,5.0
1191,145299,5.0
1191,146960,5.0
1191,147024,5.0
1191,135650,5.0
1191,137044,5.0
494,141963,5.0
494,146533,4.0
494,141102,5.0
494,143344,5.0
494,140732,4.0
494,138006,4.0
494,135456,4.0
494,143905,5.0
305,139003,5.0
305,136038,5.0
305,147805,5.0
305,137637,5.0
305,146440,5.0
305,141501,5.0
305,147878,2.0
647,142108,4.0
647,140563,4.0
647,143819,4.0
647,135927,3.0
647,137993,4.0
647,143044,4.0
647,141747,4.0
647,146664,3.0
647,145175,5.0
647,139734,4.0
647,137521,3.0
647,138887,3.0
647,134813,5.0
647,135547,4.0
647,136125,5.0
647,137634,3.0
647,137679,4.0
647,143922,4.0
647,142738,4.0
647,144405,4.0
647,137195,4.0
647,138896,4.0
647,137246,3.0
647,140907,4.0
647,135245,4.0
6,139354,5.0
6,142916,5.0
6,145030,5.0
6,136115,5.0
6,142742,5.0
6,144497,5.0
6,142166,5.0
838,137471,5.0
838,136668,5.0
838,145692,5.0
838,141537,5.0
838,139460,5.0
813,143363,5.0
813,136245,5.0
813,139258,5.0
813,142625,5.0
813,147381,5.0
349,145536,5.0
349,143212,1.0
349,141357,5.0
349,138036,5.0
349,135427,1.0
264,141719,4.0
264,144714,5.0
264,135096,5.0
264,143677,5.0
264,139118,5.0
264,145949,5.0
264,140879,5.0
264,136774,5.0
264,145676,5.0
264,135929,5.0
264,145645,5.0
264,139072,5.0
264,141428,5.0
264,137474,5.0
264,143791,5.0
264,147497,5.0
264,146108,5.0
264,147229,5.0
264,141892,5.0
264,135620,5.0
264,144274,5.0
264,138246,5.0
264,135688,5.0
264,137000,5.0
264,135022,5.0
264,146268,5.0
264,142876,5.0
264,143494,5.0
264,144052,5.0
264,135066,5.0
264,143147,5.0
264,145399,4.0
264,140579,5.0
264,145910,5.0
264,134967,5.0
264,142159,5.0
264,144068,5.0
264,138998,5.0
264,142324,5.0
264,144200,5.0
264,147609,5.0
264,141112,5.0
264,143266,5.0
264,136468,4.0
264,142909,5.0
510,146292,5.0
510,142212,5.0
510,147522,5.0
510,147164,5.0
510,141622,5.0
484,136412,5.0
484,141836,5.0
484,143935,5.0
484,135654,5.0
484,136388,5.0
484,142264,5.0
484,146810,5.0
12,142326,4.0
12,147164,5.0
12,134868,5.0
12,136978,4.0
12,139007,5.0
12,141873,5.0
12,139984,3.0
12,142789,4.0
12,140460,5.0
12,143878,3.0
373,145320,1.0
373,146737,5.0
373,137762,2.0
373,139917,1.0
373,143911,2.0
727,144235,5.0
727,145620,5.0
727,144698,5.0
727,139764,5.0
727,146607,5.0
1004,143257,5.0
1004,147868,3.0
1004,146574,5.0
1004,136280,4.0
1004,135099,5.0
769,146685,5.0
769,142590,5.0
769,146026,4.0
769,141497,5.0
769,147399,5.0
859,141325,5.0
859,138500,5.0
859,140203,5.0
859,141771,5.0
859,147832,4.0
238,145117,5.0
238,145094,5.0
238,145685,5.0
238,145986,5.0
238,141353,5.0
84,141972,5.0
84,145734,5.0
84,142231,5.0
84,142961,5.0
84,137496,5.0
84,136069,4.0
84,145959,5.0
780,141782,5.0
780,136820,5.0
780,147282,5.0
780,137153,5.0
780,144778,5.0
780,141681,5.0
780,139227,5.0
171,138580,5.0
171,135540,4.0
171,135947,5.0
171,146348,5.0
171,136618,5.0
171,137609,4.0
171,146712,4.0
171,147222,5.0
171,134834,4.0
171,136993,5.0
171,137385,4.0
171,144608,5.0
171,143607,5.0
171,142143,5.0
171,135376,5.0
171,138644,5.0
171,137820,4.0
171,147477,5.0
246,135206,4.0
246,143871,5.0
246,135133,4.0
246,135987,5.0
246,143881,4.0
190,138322,5.0
190,140320,3.0
190,145064,3.0
190,135684,5.0
190,137102,5.0
943,138783,3.0
943,145674,5.0
943,145648,2.0
943,147904,2.0
943,140249,3.0
943,138129,5.0
943,135666,5.0
943,139891,4.0
943,141512,4.0
943,139583,4.0
998,134852,5.0
998,135203,3.0
998,147484,5.0
998,134949,5.0
998,144551,5.0
998,139999,5.0
998,147179,5.0
998,147607,5.0
998,144077,5.0
998,146466,5.0
998,141935,5.0
998,145688,5.0
998,137904,5.0
74,142721,4.0
74,136886,5.0
74,146521,4.0
74,137420,4.0
74,141600,5.0
74,145865,4.0
97,137273,5.0
97,135335,3.0
97,146647,3.0
97,147526,4.0
97,146343,3.0
97,146038,4.0
698,147759,5.0
698,134812,5.0
698,135616,5.0
698,146346,4.0
698,145272,4.0
698,137571,4.0
452,135549,3.0
452,142613,3.0
452,147022,5.0
452,135478,5.0
452,136959,3.0
452,141116,5.0
452,143703,5.0
136,146390,5.0
136,146606,5.0
136,138967,3.0
136,138415,5.0
136,140419,4.0
136,135717,5.0
136,140739,5.0
136,139959,5.0
136,142570,5.0
136,142359,5.0
136,143596,5.0
136,140946,5.0
136,137014,5.0
136,140573,5.0
136,135452,4.0
136,139739,4.0
136,140344,5.0
136,135768,5.0
136,145863,5.0
136,139983,5.0
136,142991,3.0
136,146123,4.0
136,140923,4.0
136,142344,4.0
136,142087,4.0
136,141131,4.0
136,142811,4.0
136,139317,4.0
136,141797,4.0
136,141851,4.0
136,138821,4.0
136,141023,4.0
136,143287,4.0
136,146248,5.0
136,135347,5.0
136,135207,5.0
136,136890,4.0
136,141154,5.0
136,142227,5.0
136,143332,4.0
136,140237,4.0
136,143981,5.0
136,141754,5.0
136,141757,5.0
1297,138834,5.0
1297,135556,5.0
1297,137918,5.0
1297,139561,5.0
1297,142944,5.0
1297,139465,5.0
1297,138699,5.0
1297,139106,5.0
1297,135313,5.0
1297,141157,5.0
1297,138672,5.0
1297,144204,2.0
1297,135581,1.0
650,135014,2.0
650,145318,5.0
650,144244,5.0
650,147935,5.0
650,146537,4.0
154,137562,5.0
154,138273,5.0
154,146623,4.0
154,135788,5.0
154,136417,5.0
154,139827,5.0
154,143885,5.0
154,136726,5.0
154,136957,5.0
154,138304,5.0
154,138210,5.0
154,142709,5.0
154,140049,5.0
942,136273,3.0
942,147192,5.0
942,136759,4.0
942,142602,2.0
942,140793,5.0
942,140655,5.0
942,138047,5.0
942,146405,5.0
953,143180,5.0
953,145982,5.0
953,135521,5.0
953,138413,5.0
953,138961,5.0
953,143487,5.0
513,136203,4.0
513,140115,4.0
513,140632,3.0
513,144015,3.0
513,145591,5.0
513,141796,4.0
513,140359,3.0
513,147931,4.0
513,136455,4.0
513,140331,3.0
513,139457,4.0
513,138959,4.0
513,137107,4.0
166,147268,5.0
166,140219,4.0
166,138025,4.0
166,141357,3.0
166,138553,4.0
166,138501,5.0
166,135956,3.0
166,146128,5.0
166,146758,4.0
166,140695,4.0
166,141936,4.0
166,136761,4.0
166,135948,4.0
166,139260,4.0
166,135159,4.0
236,146250,5.0
236,146088,5.0
236,145390,5.0
236,140701,5.0
236,143565,5.0
236,143754,5.0
440,147267,5.0
440,139634,5.0
440,145671,5.0
440,145634,1.0
440,137775,5.0
440,146523,5.0
1149,143478,2.0
1149,136954,4.0
1149,143429,4.0
1149,135618,4.0
1149,143552,4.0
1052,138313,5.0
1052,143735,5.0
1052,142770,5.0
1052,147819,5.0
1052,138808,5.0
1052,137451,5.0
431,134945,3.0
431,143039,5.0
431,140612,4.0
431,136941,5.0
431,135842,4.0
431,136723,5.0
431,144002,5.0
431,140668,5.0
431,136023,5.0
431,141715,4.0
361,140977,2.0
361,143124,4.0
361,140375,3.0
361,142771,4.0
361,135387,3.0
361,146942,4.0
361,135278,4.0
361,135533,3.0
361,145680,3.0
361,144978,1.0
361,141744,3.0
29,146016,5.0
29,141901,5.0
29,136458,5.0
29,143582,5.0
29,142152,5.0
1119,140336,3.0
1119,143743,3.0
1119,139601,2.0
1119,140655,5.0
1119,141697,4.0
1119,139536,3.0
1119,135770,3.0
792,143111,5.0
792,139100,5.0
792,143834,5.0
792,147060,5.0
792,138120,5.0
418,145060,4.0
418,135585,5.0
418,146045,5.0
418,139750,5.0
418,134892,5.0
226,139767,5.0
226,139485,5.0
226,141046,5.0
226,137167,5.0
226,136459,5.0
778,144100,5.0
778,141042,1.0
778,138250,5.0
778,144640,5.0
778,137989,5.0
214,146130,5.0
214,134933,5.0
214,146424,4.0
214,147480,4.0
214,143324,5.0
214,145207,4.0
214,147304,5.0
214,144450,4.0
214,147358,5.0
214,136389,5.0
214,146422,5.0
765,140771,5.0
765,144811,5.0
765,140217,5.0
765,136184,4.0
765,145050,5.0
765,137520,5.0
765,137606,5.0
765,140985,5.0
765,144648,4.0
1043,135528,5.0
1043,140847,5.0
1043,139640,5.0
1043,145964,5.0
1043,145929,5.0
1043,137891,5.0
1043,146944,5.0
1043,137957,5.0
1043,145263,5.0
1043,147350,5.0
1043,136201,5.0
1043,145821,5.0
1043,135193,5.0
1043,137655,5.0
1043,141857,5.0
1043,138652,5.0
1043,142628,5.0
1043,140995,5.0
1043,141614,5.0
1043,136123,5.0
1043,142516,5.0
1043,136657,5.0
1043,144815,5.0
1043,137892,5.0
1043,140335,5.0
1043,144309,5.0
1043,145366,5.0
1043,135915,5.0
1043,142465,5.0
1043,135943,5.0
1043,138291,5.0
1043,140504,5.0
1043,146593,5.0
1043,142016,5.0
1043,142816,5.0
1043,142392,5.0
1043,139818,5.0
1043,138289,5.0
1043,138305,5.0
1043,135410,5.0
1043,137113,5.0
1043,135355,5.0
1043,143214,5.0
1043,143456,5.0
1043,135052,5.0
1043,139476,5.0
1043,146488,5.0
1043,141277,5.0
1043,144012,5.0
303,135811,5.0
303,138803,5.0
303,138719,5.0
303,137766,5.0
303,138743,5.0
303,136986,5.0
256,145912,5.0
256,138463,4.0
256,140231,4.0
256,146891,4.0
256,139597,1.0
256,135254,3.0
256,146819,3.0
256,143799,4.0
256,142774,4.0
256,147811,5.0
256,139951,4.0
256,143636,5.0
256,140590,4.0
256,134943,3.0
119,141096,5.0
119,140613,3.0
119,144357,5.0
119,143115,5.0
119,141216,5.0
119,144844,5.0
119,141330,5.0
119,144376,5.0
1266,140253,5.0
1266,142378,5.0
1266,142143,5.0
1266,137544,5.0
1266,140074,5.0
1266,142332,5.0
1266,146772,1.0
210,135690,5.0
210,136899,5.0
210,139018,5.0
210,140992,4.0
210,140842,5.0
840,145017,5.0
840,136035,5.0
840,143331,5.0
840,135194,5.0
840,135057,5.0
946,142389,5.0
946,145543,4.0
946,139918,5.0
946,144285,5.0
946,145519,4.0
946,137543,3.0
1154,141298,5.0
1154,135179,5.0
1154,146816,5.0
1154,141912,5.0
1154,137270,5.0
220,144180,4.0
220,141802,4.0
220,143685,5.0
220,139749,5.0
220,146818,5.0
767,139965,4.0
767,147196,4.0
767,138486,5.0
767,144178,4.0
767,137020,4.0
767,141782,3.0
315,136854,4.0
315,136663,4.0
315,136988,5.0
315,143205,5.0
315,142624,2.0
517,140866,4.0
517,146181,5.0
517,139096,5.0
517,146103,5.0
517,140446,5.0
1094,140326,5.0
1094,139122,5.0
1094,141283,5.0
1094,145525,5.0
1094,147628,5.0
1094,145226,5.0
856,139535,5.0
856,147509,5.0
856,141707,5.0
856,145375,5.0
856,147737,5.0
856,146370,5.0
856,135814,5.0
1283,143319,1.0
1283,137692,4.0
1283,138571,5.0
1283,147731,5.0
1283,135351,4.0
1283,137934,5.0
1283,139092,4.0
1283,139334,3.0
1283,147521,4.0
1283,146140,5.0
1283,143992,5.0
1283,139034,1.0
1283,138202,4.0
832,144418,2.0
832,140572,5.0
832,142111,5.0
832,142233,5.0
832,142505,5.0
832,139503,5.0
832,137747,5.0
832,143631,5.0
796,135187,5.0
796,136913,3.0
796,142785,5.0
796,141189,5.0
796,146957,1.0
1207,137568,5.0
1207,146154,5.0
1207,147835,5.0
1207,144123,5.0
1207,139083,5.0
1207,140009,5.0
1207,136305,5.0
1207,143193,5.0
1207,135596,5.0
1207,145066,5.0
1207,137933,5.0
1207,138787,5.0
1207,138589,5.0
1207,145477,5.0
1207,139326,5.0
1207,137720,5.0
626,147344,5.0
626,135961,5.0
626,135599,5.0
626,141038,5.0
626,143045,5.0
626,143130,5.0
626,139691,5.0
626,137982,5.0
854,135169,5.0
854,139721,4.0
854,142837,5.0
854,140643,5.0
854,145708,4.0
854,147444,5.0
854,135679,5.0
854,137580,4.0
854,141930,5.0
854,136926,4.0
854,139658,5.0
854,144107,5.0
854,139221,5.0
854,142498,5.0
854,143365,3.0
854,143210,5.0
854,141886,2.0
854,139293,5.0
1185,139097,5.0
1185,139894,5.0
1185,146727,5.0
1185,142030,5.0
1185,136438,5.0
1185,136575,5.0
1185,135126,3.0
13,143920,3.0
13,136878,2.0
13,145334,4.0
13,135400,4.0
13,139754,4.0
13,146562,5.0
13,138632,3.0
13,136678,5.0
13,142468,3.0
13,142408,4.0
13,144759,3.0
13,146090,3.0
13,135880,2.0
13,135070,3.0
13,144440,3.0
13,141558,5.0
13,137852,4.0
13,140496,3.0
13,146452,3.0
13,138100,2.0
13,144768,4.0
13,135728,4.0
13,142153,5.0
13,135625,5.0
13,145731,2.0
13,142409,4.0
252,136024,5.0
252,147771,4.0
252,143542,5.0
252,147073,4.0
252,141475,5.0
252,135933,3.0
252,139937,2.0
252,143640,5.0
252,147094,1.0
252,142931,3.0
252,137018,5.0
252,142745,5.0
252,145842,5.0
252,142234,4.0
252,145253,4.0
252,147003,2.0
1174,144269,5.0
1174,136489,1.0
1174,134948,5.0
1174,145890,5.0
1174,139548,5.0
1174,140890,5.0
1174,143900,5.0
1174,137362,4.0
1174,146610,5.0
1174,136792,5.0
1174,147217,5.0
456,143800,5.0
456,143458,5.0
456,145247,5.0
456,140800,5.0
456,143206,5.0
456,136436,4.0
456,142301,5.0
135,140692,5.0
135,139634,5.0
135,146620,5.0
135,147737,5.0
135,142938,5.0
135,147509,5.0
135,145671,5.0
135,138595,4.0
489,139740,5.0
489,144125,5.0
489,145614,5.0
489,146760,5.0
489,147301,5.0
979,145080,5.0
979,138836,5.0
979,136278,5.0
979,140528,3.0
979,145837,5.0
979,135171,4.0
1059,145358,5.0
1059,140162,5.0
1059,146242,5.0
1059,136333,3.0
1059,145611,5.0
1059,136836,5.0
1236,136103,5.0
1236,144417,5.0
1236,145778,5.0
1236,140580,5.0
1236,135658,4.0
41,146931,5.0
41,144523,5.0
41,138160,5.0
41,137802,5.0
41,141393,5.0
41,144729,5.0
41,141714,5.0
41,141658,5.0
427,146603,5.0
427,147164,5.0
427,138802,4.0
427,145114,5.0
427,139509,5.0
427,135600,5.0
277,147393,5.0
277,143918,5.0
277,147051,5.0
277,139481,5.0
277,136136,5.0
277,137854,5.0
277,139641,5.0
477,138738,5.0
477,146365,5.0
477,147273,5.0
477,140071,4.0
477,141875,4.0
910,143786,5.0
910,139697,5.0
910,142203,5.0
910,141175,5.0
910,147922,5.0
1009,138548,5.0
1009,137799,5.0
1009,139438,5.0
1009,141144,5.0
1009,142609,5.0
1009,145388,5.0
1009,144164,5.0
731,147043,5.0
731,140968,5.0
731,146007,4.0
731,142165,5.0
731,146895,5.0
731,138338,5.0
731,143918,5.0
770,134938,5.0
770,147279,5.0
770,139316,4.0
770,140037,5.0
770,146619,4.0
770,135742,3.0
770,138285,4.0
770,147736,4.0
770,138144,4.0
770,138021,5.0
770,146544,5.0
770,145943,5.0
770,142355,4.0
770,144975,4.0
770,145676,5.0
770,145872,5.0
86,137154,5.0
86,135059,5.0
86,141391,5.0
86,139910,5.0
86,134889,5.0
86,141343,5.0
86,138372,1.0
86,142040,5.0
86,143312,5.0
86,143209,5.0
994,142044,5.0
994,146487,5.0
994,138451,4.0
994,139404,5.0
994,138856,5.0
108,140953,4.0
108,139160,5.0
108,139033,3.0
108,140095,5.0
108,146072,5.0
108,147412,5.0
108,145675,4.0
956,136496,5.0
956,137250,5.0
956,145211,4.0
956,144964,5.0
956,134983,4.0
956,141679,5.0
956,137329,5.0
956,147661,3.0
956,146660,5.0
956,138797,4.0
956,141736,5.0
956,143706,5.0
956,136868,5.0
956,142525,5.0
956,146845,4.0
956,142063,5.0
802,147542,5.0
802,136383,5.0
802,145935,5.0
802,136817,5.0
802,138207,5.0
802,137847,3.0
1205,137465,5.0
1205,145103,5.0
1205,142941,5.0
1205,134994,5.0
1205,135754,5.0
1151,135170,2.0
1151,139170,5.0
1151,146275,1.0
1151,138460,3.0
1151,145463,4.0
1248,139663,5.0
1248,136981,5.0
1248,140100,5.0
1248,147662,4.0
1248,142554,5.0
1248,135674,5.0
1248,136410,5.0
1248,140470,4.0
1248,138740,5.0
1248,143161,3.0
1248,146118,3.0
1248,146156,5.0
1248,135265,5.0
1248,143975,5.0
1248,141108,5.0
1248,141869,5.0
809,146486,4.0
809,142712,4.0
809,140170,5.0
809,139355,5.0
809,144817,4.0
809,143793,5.0
809,135422,5.0
809,142532,5.0
809,136520,4.0
638,137758,4.0
638,145728,4.0
638,145176,4.0
638,144367,4.0
638,144057,4.0
346,141494,5.0
346,143270,5.0
346,144876,3.0
346,145883,5.0
346,138418,5.0
346,143346,4.0
346,142791,4.0
346,139956,5.0
346,144760,5.0
346,144995,5.0
346,139137,5.0
181,141124,5.0
181,146761,4.0
181,140845,4.0
181,146510,5.0
181,141773,5.0
181,140046,5.0
181,142599,5.0
181,146384,5.0
1070,138041,5.0
1070,136766,5.0
1070,143419,4.0
1070,147464,5.0
1070,142544,5.0
586,139260,3.0
586,137049,1.0
586,144103,3.0
586,135669,4.0
586,147937,2.0
586,147264,3.0
1156,141473,5.0
1156,137596,5.0
1156,145859,5.0
1156,142673,5.0
1156,143501,5.0
1156,146423,5.0
1156,140119,5.0
1156,141573,5.0
862,142985,5.0
862,138479,5.0
862,138542,5.0
862,147061,5.0
862,135750,5.0
1204,135443,5.0
1204,144900,5.0
1204,144214,4.0
1204,144033,5.0
1204,147376,5.0
1106,140623,5.0
1106,134907,5.0
1106,143062,5.0
1106,136003,5.0
1106,142458,5.0
1106,140181,5.0
1106,144271,5.0
1106,145930,5.0
1106,138897,5.0
1106,143519,5.0
1106,135987,5.0
1106,137528,5.0
1106,137767,5.0
1106,136958,5.0
1106,135163,5.0
1106,144414,5.0
1106,141536,5.0
211,145054,3.0
211,139705,2.0
211,144066,4.0
211,137995,5.0
211,139078,5.0
211,135156,5.0
211,142026,5.0
211,139657,3.0
211,143774,2.0
211,138829,2.0
211,143741,2.0
211,142758,2.0
211,147661,3.0
211,144744,3.0
211,140040,2.0
211,143606,2.0
211,147213,2.0
211,142017,2.0
211,141288,2.0
211,138133,5.0
211,136809,2.0
211,137331,5.0
211,140146,3.0
211,140055,5.0
211,145968,4.0
211,136593,4.0
211,144830,1.0
211,140025,2.0
211,139903,3.0
211,143699,2.0
211,139008,3.0
211,136500,3.0
211,144217,3.0
211,145159,4.0
211,141106,3.0
211,142042,2.0
211,138292,2.0
211,144918,2.0
211,142290,1.0
211,142728,4.0
211,143872,3.0
211,144685,3.0
211,140624,3.0
211,146792,3.0
211,135164,3.0
211,146881,3.0
211,146704,2.0
211,135551,2.0
211,141670,3.0
211,141289,4.0
211,143914,5.0
211,135318,2.0
211,137004,5.0
211,139772,3.0
211,134876,2.0
211,142277,2.0
211,146197,5.0
211,136528,3.0
211,140607,5.0
211,137394,2.0
211,145139,2.0
211,137222,2.0
702,143850,4.0
702,140597,5.0
702,140267,4.0
702,146834,5.0
702,146217,5.0
702,138149,5.0
702,138870,4.0
702,140224,5.0
702,139648,4.0
702,144220,4.0
702,142719,5.0
702,138180,3.0
702,142050,4.0
702,146598,5.0
1039,135298,3.0
1039,147299,4.0
1039,140367,5.0
1039,145257,4.0
1039,142946,3.0
1039,144069,5.0
1039,137976,3.0
1039,147535,5.0
1039,144265,5.0
893,135948,5.0
893,144601,5.0
893,136234,5.0
893,142547,5.0
893,135510,4.0
893,145747,5.0
893,144185,5.0
893,144968,4.0
912,137862,5.0
912,144746,5.0
912,141991,5.0
912,146219,5.0
912,145785,5.0
912,136326,5.0
912,138379,5.0
912,143278,5.0
912,137251,3.0
912,142112,4.0
912,146058,1.0
912,144370,5.0
912,147403,4.0
21,138800,5.0
21,139398,5.0
21,143307,2.0
21,136703,5.0
21,141354,5.0
426,139995,5.0
426,144626,3.0
426,136202,5.0
426,137688,5.0
426,142707,3.0
426,137577,1.0
526,143238,5.0
526,144865,5.0
526,144934,5.0
526,138615,5.0
526,145807,5.0
1212,136083,5.0
1212,147227,5.0
1212,146967,5.0
1212,138955,5.0
1212,139960,5.0
924,142423,2.0
924,135301,5.0
924,145751,2.0
924,144960,1.0
924,134901,5.0
949,138188,5.0
949,144340,5.0
949,145650,5.0
949,147732,5.0
949,139297,5.0
949,137231,4.0
949,143068,4.0
949,136669,3.0
949,147726,3.0
329,138163,4.0
329,134989,3.0
329,146976,4.0
329,145424,5.0
329,142033,4.0
1334,137838,5.0
1334,141583,4.0
1334,144007,4.0
1334,147657,5.0
1334,146245,5.0
38,144929,5.0
38,135463,5.0
38,147916,5.0
38,144324,5.0
38,139174,5.0
38,143458,5.0
38,138483,5.0
38,144659,5.0
292,141625,5.0
292,144485,5.0
292,141244,5.0
292,140669,5.0
292,139151,5.0
292,143931,5.0
292,135140,5.0
292,139198,5.0
292,146900,5.0
292,142858,5.0
292,140802,5.0
292,139576,5.0
726,139882,4.0
726,144548,3.0
726,147433,5.0
726,147240,4.0
726,139566,2.0
726,136608,2.0
726,134847,2.0
726,147541,3.0
726,139418,3.0
726,141971,3.0
726,138154,5.0
1036,143830,5.0
1036,142072,5.0
1036,140164,5.0
1036,144802,5.0
1036,141195,5.0
1036,145897,5.0
1036,144218,5.0
1036,143495,5.0
1036,137958,5.0
783,143641,5.0
783,147392,5.0
783,145389,5.0
783,139667,5.0
783,140565,5.0
783,139890,5.0
783,140616,5.0
669,137361,5.0
669,137501,5.0
669,142935,5.0
669,141097,3.0
669,147612,5.0
654,145917,5.0
654,142549,1.0
654,141995,3.0
654,139319,5.0
654,146846,3.0
1132,136438,5.0
1132,146306,5.0
1132,140397,5.0
1132,147793,5.0
1132,147208,5.0
253,137164,2.0
253,146362,2.0
253,147548,3.0
253,145344,5.0
253,136832,5.0
253,140749,5.0
253,141276,5.0
253,138003,1.0
244,141579,5.0
244,146518,5.0
244,143822,5.0
244,146399,5.0
244,141777,5.0
244,135729,5.0
244,141294,5.0
244,143283,5.0
244,137914,5.0
244,138648,5.0
581,142773,4.0
581,143414,5.0
581,136908,5.0
581,141728,5.0
581,144702,5.0
199,141157,5.0
199,139158,5.0
199,141395,5.0
199,144963,5.0
199,137690,5.0
199,145338,5.0
199,141824,5.0
162,135115,5.0
162,146494,5.0
162,136937,5.0
162,145233,5.0
162,141928,5.0
162,135681,5.0
438,142415,1.0
438,146812,2.0
438,147119,5.0
438,137005,5.0
438,135845,1.0
438,144570,1.0
438,145970,1.0
957,139684,4.0
957,143757,3.0
957,137429,5.0
957,135809,5.0
957,147149,5.0
957,142632,5.0
957,144237,5.0
957,137648,5.0
957,136227,5.0
957,136613,5.0
957,144329,5.0
957,135462,5.0
957,141726,5.0
664,139006,4.0
664,145490,5.0
664,135467,3.0
664,145164,4.0
664,136360,3.0
664,144559,2.0
664,137579,5.0
664,136045,5.0
664,139902,3.0
664,142294,5.0
664,135319,5.0
664,141088,4.0
664,144104,3.0
664,147316,3.0
664,147764,4.0
664,146649,3.0
664,142031,4.0
664,136270,3.0
664,145552,5.0
664,144858,2.0
664,134908,2.0
664,142907,3.0
664,144718,1.0
664,139978,5.0
120,144683,4.0
120,141666,4.0
120,142381,3.0
120,139345,4.0
120,135247,3.0
120,140768,5.0
120,140854,4.0
120,146476,3.0
442,134914,5.0
442,138963,5.0
442,140663,5.0
442,136735,5.0
442,141630,4.0
224,135274,5.0
224,135118,5.0
224,137884,2.0
224,144399,5.0
224,141551,5.0
224,147224,5.0
224,138430,5.0
224,145382,5.0
224,137936,4.0
224,135617,1.0
672,145763,5.0
672,145070,5.0
672,138281,5.0
672,144410,3.0
672,137332,5.0
672,145891,3.0
381,145359,5.0
381,140101,5.0
381,145896,5.0
381,144407,5.0
381,147822,5.0
381,138616,5.0
381,145124,5.0
381,144827,5.0
381,136632,5.0
381,141431,5.0
719,147743,2.0
719,143450,4.0
719,139730,5.0
719,137409,2.0
719,138175,5.0
719,136720,4.0
719,147386,3.0
719,136862,5.0
914,136599,5.0
914,146307,5.0
914,141813,5.0
914,138785,5.0
914,139513,5.0
1021,136397,5.0
1021,138935,5.0
1021,136562,5.0
1021,147189,5.0
1021,139630,5.0
1021,139389,5.0
1021,137983,5.0
1021,140251,5.0
1021,142477,5.0
1021,146000,5.0
1021,144177,5.0
524,143074,3.0
524,137607,3.0
524,144786,3.0
524,135450,3.0
524,142884,3.0
524,141859,4.0
524,146736,1.0
624,146858,5.0
624,144941,5.0
624,146066,5.0
624,139203,5.0
624,139178,5.0
70,143088,5.0
70,137057,1.0
70,136448,2.0
70,140382,3.0
70,139856,5.0
685,140933,5.0
685,143603,3.0
685,146644,5.0
685,144442,5.0
685,145983,5.0
685,140760,5.0
245,143559,5.0
245,139031,5.0
245,143846,5.0
245,134925,5.0
245,139456,5.0
245,136164,5.0
245,141241,5.0
245,138184,4.0
245,139194,5.0
245,142698,5.0
245,146388,5.0
245,139577,5.0
245,135937,5.0
245,136676,5.0
565,139245,5.0
565,141057,5.0
565,136106,3.0
565,138230,5.0
565,147776,3.0
565,143242,4.0
565,137024,4.0
565,144825,5.0
565,147136,5.0
1339,138594,5.0
1339,146728,5.0
1339,137905,5.0
1339,146541,5.0
1339,142787,5.0
1339,135920,5.0
616,139934,4.0
616,137827,4.0
616,137726,5.0
616,138529,4.0
616,143896,5.0
616,144728,5.0
616,143916,4.0
616,143760,4.0
616,137903,4.0
616,140226,5.0
616,138322,5.0
616,141342,5.0
793,139634,4.0
793,141062,4.0
793,143410,4.0
793,141674,4.0
793,144137,4.0
793,145047,4.0
793,145742,4.0
793,137844,4.0
793,144534,4.0
793,138821,4.0
793,136599,4.0
793,139154,4.0
793,141627,4.0
793,146575,4.0
793,147737,4.0
793,142938,4.0
793,140923,4.0
793,137483,4.0
793,141797,4.0
793,146620,3.0
793,141707,4.0
793,147349,4.0
793,139571,4.0
793,140692,4.0
793,135814,4.0
793,135875,4.0
793,145327,4.0
793,147509,4.0
793,139535,4.0
793,147846,4.0
793,138595,4.0
793,145833,4.0
793,146005,4.0
793,143898,4.0
793,140032,3.0
793,135998,4.0
793,142344,2.0
592,137966,5.0
592,142665,5.0
592,147198,4.0
592,146209,5.0
592,137102,4.0
592,135684,5.0
1057,147830,5.0
1057,139608,5.0
1057,137042,5.0
1057,144004,5.0
1057,140019,4.0
1057,138720,5.0
1057,134838,5.0
1057,142100,5.0
1057,137977,5.0
1057,140721,5.0
1057,134957,5.0
1057,146821,5.0
1057,145277,3.0
1057,140363,5.0
1057,143356,5.0
1057,146675,5.0
1057,143259,5.0
1057,147331,4.0
1057,137265,5.0
1057,146549,5.0
1057,137318,5.0
1057,140665,5.0
1057,145596,4.0
1057,136849,4.0
1057,137402,5.0
1057,142365,2.0
1057,140269,3.0
1057,146255,4.0
1057,145300,5.0
1057,142591,5.0
1057,140934,4.0
1057,143808,4.0
1057,139814,3.0
1057,140483,4.0
1057,136853,3.0
1057,139054,4.0
1057,144838,5.0
1057,141749,5.0
1057,144673,3.0
1057,142445,4.0
1057,146673,5.0
1057,143220,5.0
1057,141261,3.0
1057,134962,5.0
1057,138621,4.0
1057,146109,3.0
1057,142057,3.0
1057,145806,5.0
1057,147183,4.0
1057,138239,3.0
1057,135660,5.0
1057,141952,2.0
1057,146910,4.0
1057,139794,4.0
1057,137001,4.0
1057,145316,4.0
1057,139340,4.0
1057,135513,5.0
1057,138932,5.0
1057,142367,4.0
1057,138322,5.0
1057,141860,5.0
204,145247,5.0
204,142194,4.0
204,144439,5.0
204,138140,5.0
204,144677,5.0
180,147313,4.0
180,139015,4.0
180,140716,5.0
180,141896,5.0
180,145839,5.0
1305,143399,5.0
1305,137102,4.0
1305,135684,5.0
1305,138042,5.0
1305,146110,4.0
1305,138923,5.0
1305,137421,5.0
1305,146376,5.0
1305,139350,5.0
1340,136762,5.0
1340,136159,4.0
1340,135738,5.0
1340,135617,5.0
1340,141530,2.0
620,138987,5.0
620,140491,4.0
620,141132,4.0
620,135104,4.0
620,146375,4.0
620,137178,4.0
620,145428,4.0
301,145953,5.0
301,138780,5.0
301,144489,4.0
301,136660,4.0
301,143800,4.0
301,141782,4.0
301,139706,4.0
861,147914,5.0
861,142033,5.0
861,147396,1.0
861,143629,1.0
861,138524,5.0
80,141779,4.0
80,143123,4.0
80,146982,5.0
80,138497,5.0
80,137708,5.0
80,146076,4.0
80,135183,4.0
209,146832,5.0
209,138695,5.0
209,138906,5.0
209,137860,5.0
209,135483,5.0
1321,146624,5.0
1321,144362,1.0
1321,146035,5.0
1321,142376,5.0
1321,147927,1.0
1321,142730,5.0
1321,145840,3.0
1321,139839,4.0
1321,136327,4.0
774,146596,4.0
774,138075,4.0
774,145667,4.0
774,134832,5.0
774,143952,5.0
774,144097,2.0
774,135202,5.0
774,143765,5.0
804,147527,5.0
804,143041,5.0
804,140000,5.0
804,144709,5.0
804,137764,5.0
804,145670,5.0
804,145445,5.0
804,140680,5.0
804,135363,5.0
804,144215,5.0
804,137686,4.0
804,146436,4.0
804,141983,2.0
804,143623,5.0
804,140260,5.0
804,143807,5.0
804,144036,5.0
804,136787,4.0
804,144251,4.0
804,146178,5.0
804,136624,5.0
804,139119,5.0
804,140936,5.0
804,147576,5.0
804,143781,5.0
804,140693,4.0
804,140117,4.0
804,138072,4.0
804,141109,5.0
804,143538,3.0
804,143258,5.0
804,146656,5.0
804,140056,5.0
804,143748,1.0
804,137069,5.0
804,141076,1.0
804,146192,5.0
79,139314,5.0
79,142631,5.0
79,146575,5.0
79,143715,5.0
79,136599,5.0
79,141627,5.0
79,143865,5.0
79,138380,5.0
79,143177,5.0
79,140073,5.0
79,147817,5.0
79,138039,5.0
79,140841,5.0
79,138922,5.0
79,146698,5.0
79,144175,5.0
79,144693,5.0
79,136413,5.0
79,147737,5.0
566,135649,1.0
566,141669,3.0
566,142427,2.0
566,135222,5.0
566,146098,4.0
1314,141373,3.0
1314,142356,5.0
1314,144526,3.0
1314,144161,4.0
1314,145323,4.0
173,139243,2.0
173,137413,1.0
173,145125,1.0
173,137705,4.0
173,146621,5.0
173,144096,5.0
1331,146540,5.0
1331,138332,3.0
1331,138986,5.0
1331,144549,5.0
1331,136606,5.0
1331,138960,4.0
1331,135840,4.0
1084,135681,5.0
1084,146300,4.0
1084,147885,4.0
1084,144630,4.0
1084,141321,4.0
459,140951,1.0
459,141252,5.0
459,146789,5.0
459,145268,5.0
459,143910,5.0
459,143493,5.0
459,144434,5.0
459,143730,5.0
459,145529,5.0
459,135131,5.0
459,144792,5.0
459,143326,5.0
459,135643,5.0
459,141009,5.0
459,146378,5.0
459,147929,5.0
459,137932,5.0
459,144035,5.0
459,137071,5.0
459,147665,5.0
459,141705,5.0
459,141153,5.0
459,137581,5.0
459,136394,5.0
459,142095,5.0
530,145624,5.0
530,137464,5.0
530,142345,4.0
530,135684,4.0
530,137102,5.0
530,140791,3.0
139,137574,5.0
139,144255,5.0
139,140865,5.0
139,147104,5.0
139,135470,5.0
139,146467,4.0
139,143387,5.0
1155,141380,1.0
1155,145514,1.0
1155,145396,4.0
1155,143889,1.0
1155,145717,1.0
559,139639,5.0
559,135985,1.0
559,142713,5.0
559,138555,5.0
559,136068,5.0
30,137751,5.0
30,144587,5.0
30,146322,5.0
30,147646,5.0
30,135831,5.0
30,140704,5.0
30,138070,5.0
435,140355,5.0
435,144039,4.0
435,135906,3.0
435,142509,5.0
435,135389,5.0
819,146909,5.0
819,136165,2.0
819,139755,5.0
819,141235,5.0
819,147085,5.0
819,143349,5.0
1045,138948,5.0
1045,137927,5.0
1045,144624,5.0
1045,140111,5.0
1045,139070,5.0
1045,138518,5.0
984,144054,5.0
984,145148,5.0
984,136719,5.0
984,135877,3.0
984,145871,3.0
984,142428,3.0
984,145474,3.0
984,140001,3.0
984,147486,3.0
984,138041,5.0
984,141068,5.0
984,142710,5.0
984,139766,5.0
984,135339,5.0
1324,137926,5.0
1324,146350,5.0
1324,147282,5.0
1324,143977,4.0
1324,140322,5.0
358,140368,5.0
358,141564,5.0
358,146104,5.0
358,135896,5.0
358,134843,5.0
358,136542,5.0
358,146515,5.0
358,147274,5.0
358,146301,5.0
358,140414,5.0
358,143355,5.0
358,146871,5.0
358,135571,5.0
76,139033,5.0
76,141863,5.0
76,146185,5.0
76,139707,5.0
76,135252,5.0
76,137643,5.0
76,147009,5.0
76,140220,5.0
76,135127,5.0
76,142244,5.0
76,136556,5.0
76,146743,5.0
76,142776,5.0
76,138566,5.0
76,137564,5.0
76,147346,5.0
76,136324,5.0
76,145665,5.0
155,136369,5.0
155,138364,5.0
155,146224,5.0
155,140141,5.0
155,143531,3.0
1136,147906,5.0
1136,141166,5.0
1136,147137,5.0
1136,146774,5.0
1136,135048,5.0
275,137212,3.0
275,143489,5.0
275,135963,5.0
275,135722,3.0
275,146127,5.0
197,144442,5.0
197,145781,5.0
197,146903,5.0
197,141631,5.0
197,143911,5.0
197,146126,5.0
197,146578,4.0
197,143056,5.0
197,145779,4.0
197,140192,5.0
197,145191,5.0
197,140248,5.0
197,143116,5.0
197,135904,5.0
197,137888,5.0
197,147098,5.0
197,139512,5.0
197,146367,5.0
197,136110,5.0
345,137271,5.0
345,144690,5.0
345,143366,5.0
345,138008,5.0
345,147667,5.0
345,138879,5.0
345,140653,5.0
345,140213,5.0
345,137025,4.0
345,143431,5.0
345,145789,5.0
345,135487,5.0
345,136921,5.0
345,144247,5.0
345,145259,5.0
345,142070,4.0
1301,143347,5.0
1301,146478,5.0
1301,145928,5.0
1301,136529,5.0
1301,136554,5.0
1301,145694,5.0
1301,142225,5.0
1301,141377,4.0
476,141259,5.0
476,143601,5.0
476,143418,5.0
476,146694,5.0
476,138957,5.0
476,143568,5.0
476,138722,5.0
476,144775,5.0
476,143160,5.0
476,135270,5.0
1260,143545,5.0
1260,139192,5.0
1260,134959,5.0
1260,147230,5.0
1260,138697,5.0
1260,135035,5.0
623,139762,5.0
623,136553,4.0
623,140429,5.0
623,135684,3.0
623,137102,4.0
551,146676,5.0
551,136438,5.0
551,136971,5.0
551,143929,4.0
551,147416,5.0
587,135405,5.0
587,147504,5.0
587,142499,4.0
587,140689,1.0
587,135405,5.0
587,147504,5.0
587,142499,4.0
587,140689,1.0
61,138795,5.0
61,147365,5.0
61,136235,5.0
61,140389,5.0
61,139957,5.0
412,139314,5.0
412,146392,5.0
412,138110,5.0
412,145250,5.0
412,140841,5.0
412,138039,5.0
77,144758,5.0
77,140154,5.0
77,136686,3.0
77,135862,5.0
77,141071,5.0
810,135003,5.0
810,144386,5.0
810,141807,5.0
810,147162,5.0
810,140343,5.0
810,141520,5.0
810,143455,5.0
717,145352,4.0
717,136491,4.0
717,138079,5.0
717,140759,4.0
717,140389,5.0
562,141543,5.0
562,141949,5.0
562,144010,5.0
562,146014,3.0
562,139307,4.0
562,135485,5.0
756,147890,5.0
756,134827,5.0
756,140868,5.0
756,147468,5.0
756,143787,5.0
742,146091,5.0
742,141695,5.0
742,141445,5.0
742,146489,5.0
742,135295,5.0
1050,146394,4.0
1050,142033,5.0
1050,143171,4.0
1050,141006,4.0
1050,139005,5.0
1050,141374,4.0
1050,139930,4.0
25,136576,5.0
25,138438,5.0
25,135969,5.0
25,142061,5.0
25,139599,5.0
25,147362,5.0
25,137718,5.0
25,141176,5.0
25,135259,5.0
25,143525,5.0
25,136947,5.0
25,143194,5.0
25,141657,5.0
25,145623,5.0
25,137747,5.0
25,143534,5.0
25,140796,5.0
25,145967,5.0
25,137471,5.0
25,146896,5.0
831,137191,5.0
831,140031,5.0
831,144126,5.0
831,142220,5.0
831,138434,5.0
831,136533,5.0
831,142642,5.0
1192,141721,5.0
1192,135044,5.0
1192,135302,5.0
1192,147652,5.0
1192,142833,5.0
1192,135797,5.0
1192,146246,5.0
1192,142020,4.0
1192,141031,4.0
432,146161,5.0
432,138252,5.0
432,147536,5.0
432,140126,5.0
432,135992,5.0
432,147874,5.0
282,147395,5.0
282,135610,5.0
282,140424,5.0
282,136019,5.0
282,145644,5.0
282,141103,5.0
282,146939,5.0
282,147001,5.0
282,138146,5.0
282,142692,5.0
282,142446,5.0
282,146967,5.0
355,141188,5.0
355,139421,5.0
355,147265,5.0
355,143333,5.0
355,143207,5.0
355,147420,5.0
355,145829,5.0
355,143012,5.0
753,145783,5.0
753,136210,5.0
753,141867,5.0
753,135967,5.0
753,139380,5.0
753,143065,5.0
753,141207,5.0
753,144482,5.0
753,147843,5.0
753,138765,5.0
753,146802,5.0
753,138212,5.0
753,146251,5.0
753,143520,5.0
753,139695,5.0
753,134913,5.0
753,144368,5.0
555,135502,5.0
555,146635,5.0
555,139362,5.0
555,142107,5.0
555,137997,5.0
555,142888,5.0
555,146708,5.0
960,139981,4.0
960,139449,5.0
960,142352,5.0
960,143338,5.0
960,144557,5.0
960,138505,5.0
960,134939,5.0
960,144961,5.0
60,144538,5.0
60,144554,5.0
60,145197,5.0
60,136028,5.0
60,139860,5.0
982,142987,5.0
982,137248,5.0
982,142433,4.0
982,139024,2.0
982,142987,5.0
982,137248,5.0
982,142433,4.0
982,139024,2.0
192,138093,5.0
192,142860,1.0
192,140652,5.0
192,139390,5.0
192,144581,4.0
192,141840,5.0
131,138393,5.0
131,136213,5.0
131,137713,5.0
131,142366,5.0
131,139986,5.0
131,145165,5.0
131,135402,5.0
131,147556,5.0
131,138161,5.0
131,139874,5.0
1309,141417,3.0
1309,146252,4.0
1309,143688,5.0
1309,137094,5.0
1309,143821,5.0
860,146124,5.0
860,141269,5.0
860,145497,5.0
860,141299,4.0
860,145160,5.0
860,142672,5.0
860,142999,5.0
860,141854,5.0
216,144404,5.0
216,138838,5.0
216,139434,5.0
216,140725,5.0
216,140720,5.0
222,145892,4.0
222,145347,5.0
222,141436,5.0
222,138455,5.0
222,145132,5.0
751,145360,5.0
751,140524,5.0
751,137102,5.0
751,135684,5.0
751,137785,5.0
751,145713,5.0
751,143472,1.0
751,141844,1.0
751,140638,1.0
751,147030,5.0
751,144143,5.0
751,144073,1.0
751,139987,4.0
751,146936,5.0
583,140982,5.0
583,141985,5.0
583,141677,5.0
583,143492,5.0
583,140742,5.0
583,136047,5.0
583,146804,5.0
583,143213,5.0
583,141694,5.0
416,138024,5.0
416,139776,5.0
416,135284,4.0
416,142886,4.0
416,140888,4.0
416,137267,5.0
416,142243,5.0
416,136539,4.0
1130,138571,5.0
1130,139855,5.0
1130,139491,5.0
1130,140922,5.0
1130,138661,5.0
1130,139109,5.0
1130,141935,5.0
1130,139597,5.0
1130,146036,5.0
11,145491,5.0
11,146002,5.0
11,139553,5.0
11,135949,5.0
11,144332,5.0
993,135657,5.0
993,138519,5.0
993,143665,5.0
993,147377,5.0
993,139703,5.0
993,138941,4.0
993,146283,3.0
993,140634,5.0
1284,140469,5.0
1284,144335,5.0
1284,140119,4.0
1284,147572,1.0
1284,147608,5.0
1284,147930,5.0
1284,145319,4.0
1284,140973,5.0
1284,143308,4.0
1284,136689,5.0
1284,135556,3.0
1284,143783,4.0
1284,145284,3.0
1284,137861,3.0
1284,136301,3.0
1284,145432,3.0
895,140935,4.0
895,140360,3.0
895,142278,4.0
895,143552,4.0
895,141232,3.0
895,136745,4.0
895,142526,4.0
895,145911,2.0
895,140080,4.0
895,141189,4.0
895,135465,5.0
895,139342,4.0
895,137952,4.0
895,140935,4.0
895,140360,3.0
895,142278,4.0
895,143552,4.0
895,141232,3.0
895,136745,4.0
895,142526,4.0
895,145911,2.0
895,140080,4.0
895,141189,4.0
895,135465,5.0
895,139342,4.0
895,137952,4.0
1110,135297,5.0
1110,136695,5.0
1110,146014,4.0
1110,136200,4.0
1110,135724,4.0
1110,138136,4.0
976,138857,5.0
976,137554,5.0
976,145332,5.0
976,146616,5.0
976,139179,5.0
976,142276,5.0
976,135377,5.0
462,145169,1.0
462,140222,4.0
462,147330,4.0
462,143681,3.0
462,143982,4.0
462,142829,4.0
462,147300,2.0
462,142104,1.0
462,137505,2.0
462,135512,2.0
462,138151,1.0
462,145144,1.0
462,147893,5.0
462,143755,2.0
462,146720,2.0
462,145306,2.0
462,139664,5.0
462,137920,1.0
462,135637,4.0
462,139773,5.0
462,144453,2.0
462,145868,1.0
462,143752,5.0
462,146435,1.0
462,144326,5.0
462,145408,4.0
462,142517,5.0
1200,140631,5.0
1200,141727,5.0
1200,138220,5.0
1200,135684,5.0
1200,137102,5.0
1277,136197,5.0
1277,139091,5.0
1277,146228,5.0
1277,136364,5.0
1277,139414,5.0
1277,136650,5.0
1277,145885,5.0
1277,141181,5.0
1277,139783,5.0
374,140523,5.0
374,137813,5.0
374,140239,5.0
374,138927,5.0
374,147926,5.0
374,142819,3.0
374,143380,3.0
374,137036,3.0
374,141610,5.0
374,134877,5.0
374,140931,4.0
374,136241,5.0
374,141406,5.0
374,144116,5.0
374,136683,5.0
374,142640,5.0
374,144210,5.0
374,143863,5.0
374,140530,5.0
374,143942,5.0
645,146157,5.0
645,144749,5.0
645,139932,5.0
645,146336,5.0
645,144761,5.0
645,145646,5.0
645,137431,5.0
645,146821,5.0
645,145012,5.0
768,137900,4.0
768,147249,4.0
768,142122,4.0
768,145936,5.0
768,140224,4.0
768,145115,1.0
1038,135065,5.0
1038,138298,4.0
1038,137917,5.0
1038,138543,5.0
1038,135086,5.0
257,138286,4.0
257,143017,5.0
257,137054,2.0
257,139830,5.0
257,136687,3.0
257,144583,4.0
730,140874,5.0
730,146351,5.0
730,145273,4.0
730,140943,5.0
730,137390,5.0
1182,144992,4.0
1182,144833,4.0
1182,142350,4.0
1182,147115,1.0
1182,141099,4.0
1182,139771,4.0
1182,136250,3.0
1182,144095,4.0
1182,147079,4.0
1182,142059,1.0
1182,147257,5.0
1182,143339,1.0
1182,144427,5.0
1182,140398,1.0
1182,143710,4.0
1182,142799,4.0
1182,135673,4.0
1182,135840,2.0
1182,143367,3.0
1182,143818,4.0
1182,139001,1.0
1182,146867,4.0
1182,145909,4.0
1182,142574,4.0
1182,143723,4.0
1182,139635,4.0
1182,137727,1.0
1182,143796,5.0
1182,138891,5.0
1071,136573,5.0
1071,142259,5.0
1071,139924,5.0
1071,142438,5.0
1071,145498,5.0
1071,135583,5.0
1071,146465,5.0
1071,141002,5.0
1071,136972,3.0
1071,140103,5.0
1071,136629,5.0
1071,138693,5.0
1071,146849,5.0
1071,147839,5.0
1071,141907,5.0
1071,143806,5.0
1071,136411,5.0
1091,143316,5.0
1091,134896,5.0
1091,142165,5.0
1091,137889,5.0
1091,146937,5.0
1091,139191,5.0
1091,136210,5.0
483,143925,5.0
483,145567,4.0
483,138453,4.0
483,147363,5.0
483,134972,4.0
483,135536,3.0
483,135568,3.0
483,139337,3.0
483,144930,4.0
483,143642,4.0
483,145632,4.0
483,141909,4.0
483,147250,4.0
483,143094,4.0
483,147583,4.0
483,145017,4.0
483,138114,4.0
483,139619,1.0
483,138916,4.0
483,142534,4.0
483,143532,5.0
483,141194,5.0
483,145877,4.0
483,139762,5.0
483,140153,5.0
483,141168,4.0
483,136689,4.0
483,135005,4.0
483,147593,5.0
483,140720,5.0
1076,140506,5.0
1076,146395,5.0
1076,136628,4.0
1076,142556,5.0
1076,144170,5.0
1076,140779,5.0
1076,143185,5.0
1076,144307,5.0
1076,137545,5.0
1076,147209,5.0
1076,141290,5.0
1076,135815,5.0
1076,144507,5.0
419,146972,5.0
419,141755,5.0
419,142759,5.0
419,135691,5.0
419,145003,5.0
1280,143254,3.0
1280,144535,3.0
1280,144501,3.0
1280,142445,4.0
1280,145818,2.0
1280,135655,3.0
1280,140235,3.0
1280,135838,1.0
1280,135684,3.0
1280,137102,3.0
1280,139410,3.0
50,146443,5.0
50,135125,5.0
50,144647,5.0
50,147231,5.0
50,140169,5.0
50,137670,5.0
50,142947,5.0
50,141050,5.0
1058,147919,5.0
1058,141447,4.0
1058,142895,4.0
1058,140240,4.0
1058,142222,4.0
1058,143282,4.0
938,145627,1.0
938,135733,1.0
938,139305,1.0
938,136746,1.0
938,141148,3.0
938,147173,4.0
938,143572,1.0
878,135486,5.0
878,143542,5.0
878,147073,5.0
878,138990,5.0
878,142741,5.0
878,147750,4.0
878,146131,1.0
316,136660,5.0
316,144778,5.0
316,146035,5.0
316,142190,5.0
316,139561,5.0
316,142588,5.0
316,141489,5.0
316,143080,5.0
295,137716,4.0
295,145791,3.0
295,139285,3.0
295,137701,3.0
295,145752,4.0
295,135352,2.0
295,142957,4.0
295,136543,4.0
1209,140334,4.0
1209,135412,3.0
1209,142985,4.0
1209,147061,4.0
1209,143345,4.0
597,144699,4.0
597,142597,4.0
597,145958,5.0
597,147757,4.0
597,142329,5.0
826,137199,5.0
826,143216,5.0
826,134991,5.0
826,140311,5.0
826,135881,5.0
826,136143,4.0
826,143990,5.0
826,135242,5.0
826,141378,4.0
826,142533,3.0
826,145535,5.0
826,147071,4.0
930,136238,5.0
930,146746,5.0
930,145532,5.0
930,135716,5.0
930,135432,5.0
760,143140,5.0
760,141331,5.0
760,139864,5.0
760,147642,2.0
760,144971,5.0
760,136175,5.0
760,141478,5.0
141,134953,5.0
141,135068,5.0
141,138811,5.0
141,139025,5.0
141,139909,5.0
141,147437,5.0
141,139344,5.0
141,135260,1.0
141,146117,5.0
653,136692,5.0
653,137432,5.0
653,137389,4.0
653,142908,5.0
653,138023,5.0
653,146082,5.0
653,144447,4.0
653,138606,4.0
653,138029,5.0
653,139458,5.0
653,138944,5.0
653,137012,5.0
653,139172,5.0
653,136939,4.0
653,144537,5.0
653,140349,5.0
653,142341,5.0
653,139229,5.0
653,142115,4.0
653,136396,5.0
653,143158,4.0
653,139745,5.0
653,139056,4.0
653,146643,5.0
653,147546,5.0
653,146021,5.0
653,144336,5.0
653,139878,5.0
653,146645,5.0
653,135764,5.0
653,144499,4.0
653,142729,5.0
653,146056,4.0
653,140671,5.0
279,139012,5.0
279,137857,5.0
279,146305,5.0
279,144645,5.0
279,136933,2.0
279,139200,5.0
372,141806,5.0
372,136325,5.0
372,141134,5.0
372,135192,5.0
372,140530,5.0
372,145327,5.0
372,135875,5.0
372,147197,5.0
372,145817,5.0
372,144370,5.0
372,143942,5.0
372,141267,5.0
372,145375,5.0
372,147349,5.0
1012,147459,5.0
1012,143680,4.0
1012,143043,4.0
1012,140809,3.0
1012,146783,5.0
1012,139809,5.0
1012,147502,5.0
1012,146025,5.0
1012,144325,5.0
1012,140121,5.0
1012,143976,5.0
1012,138584,4.0
1012,147848,4.0
1012,144539,4.0
317,143350,5.0
317,136898,5.0
317,141236,5.0
317,137924,5.0
317,145374,5.0
317,144181,5.0
317,136355,4.0
317,135132,5.0
317,136518,5.0
317,138326,5.0
78,134837,5.0
78,146102,5.0
78,135966,5.0
78,147456,5.0
78,147733,5.0
78,139906,5.0
676,134909,5.0
676,143708,5.0
676,144893,5.0
676,138514,5.0
676,139816,5.0
676,135422,5.0
676,141908,5.0
676,147739,5.0
676,142610,5.0
676,140598,5.0
421,144895,5.0
421,139442,5.0
421,147742,5.0
421,138775,5.0
421,143222,5.0
31,138588,3.0
31,144521,1.0
31,134850,4.0
31,145864,5.0
31,145422,5.0
22,147472,5.0
22,138241,5.0
22,140593,5.0
22,139889,4.0
22,139369,5.0
22,147499,5.0
22,145525,5.0
22,140810,5.0
366,143465,5.0
366,140285,4.0
366,135343,3.0
366,138251,4.0
366,135338,5.0
366,139464,5.0
366,137759,5.0
1161,139552,5.0
1161,142911,5.0
1161,147852,5.0
1161,139124,5.0
1161,137307,5.0
1161,138994,5.0
1161,141472,5.0
1161,146894,5.0
128,144649,5.0
128,140766,5.0
128,139207,5.0
128,140502,5.0
128,142224,3.0
660,140016,3.0
660,146669,3.0
660,140099,3.0
660,145239,3.0
660,145093,3.0
996,136776,5.0
996,139911,2.0
996,146139,4.0
996,142792,5.0
996,143798,2.0
996,135686,5.0
996,136071,5.0
996,138078,5.0
996,135221,5.0
996,145864,4.0
996,142258,5.0
996,139942,5.0
1303,137772,1.0
1303,135808,5.0
1303,143139,2.0
1303,140008,5.0
1303,145335,1.0
1303,143255,1.0
19,147207,5.0
19,139796,5.0
19,135565,3.0
19,147719,5.0
19,147246,5.0
19,141456,5.0
19,142865,5.0
962,137849,5.0
962,145231,5.0
962,147875,5.0
962,137086,5.0
962,141606,5.0
962,144614,5.0
962,137880,5.0
962,139979,5.0
962,146166,5.0
962,136258,5.0
962,146923,5.0
962,139331,5.0
962,136312,5.0
962,136935,5.0
962,147422,5.0
962,143016,5.0
962,138874,5.0
962,145116,5.0
962,140362,5.0
962,135544,5.0
962,146382,5.0
962,147023,5.0
962,140352,5.0
962,142404,5.0
962,140969,5.0
962,144050,5.0
962,136967,5.0
962,142191,5.0
962,144351,5.0
962,136473,5.0
962,146373,5.0
962,145544,5.0
962,140450,5.0
962,137254,4.0
962,135708,5.0
962,141320,5.0
962,142155,5.0
962,139863,5.0
962,142717,5.0
962,145574,5.0
962,144162,5.0
1062,146198,5.0
1062,145011,5.0
1062,137459,4.0
1062,147836,5.0
1062,139518,5.0
1062,142412,5.0
1062,136270,4.0
1062,135995,5.0
786,142804,5.0
786,145057,3.0
786,144138,4.0
786,142817,5.0
786,141689,4.0
786,135155,5.0
786,137512,5.0
786,147864,4.0
786,143422,5.0
786,138744,5.0
786,139260,2.0
786,144001,3.0
786,142653,4.0
786,137320,4.0
786,141685,3.0
786,143083,3.0
786,136985,4.0
786,137333,4.0
786,142932,4.0
786,143311,4.0
786,143761,4.0
786,140076,2.0
1332,141224,5.0
1332,142402,5.0
1332,146553,5.0
1332,147684,5.0
1332,146183,5.0
1332,141921,4.0
630,145076,5.0
630,135306,5.0
630,135755,5.0
630,138814,5.0
630,143267,4.0
630,146413,3.0
630,142251,5.0
1169,135199,5.0
1169,135926,5.0
1169,138796,5.0
1169,142626,5.0
1169,136225,4.0
1169,144049,5.0
872,143523,1.0
872,143054,4.0
872,145517,3.0
872,136859,4.0
872,135401,3.0
872,141113,3.0
872,143608,4.0
872,137683,5.0
479,146249,5.0
479,139762,5.0
479,144862,5.0
479,142062,5.0
479,142200,5.0
479,135848,5.0
479,137827,5.0
479,138266,5.0
479,143198,5.0
479,143683,5.0
479,138916,5.0
479,135675,5.0
479,139209,5.0
1116,138262,3.0
1116,136172,1.0
1116,144560,5.0
1116,137644,5.0
1116,135883,5.0
1320,139176,5.0
1320,146612,3.0
1320,146890,5.0
1320,146775,5.0
1320,144993,5.0
1320,145023,5.0
1320,142075,5.0
1320,138480,5.0
1320,146784,3.0
865,136970,5.0
865,147735,5.0
865,143057,5.0
865,136328,5.0
865,142663,5.0
865,146823,5.0
865,139060,5.0
449,147289,5.0
449,135121,5.0
449,137099,5.0
449,142541,5.0
449,145059,5.0
85,139021,5.0
85,147140,5.0
85,145197,5.0
85,144193,5.0
85,144726,5.0
85,144911,5.0
480,139158,5.0
480,136845,5.0
480,142897,4.0
480,137546,5.0
480,141511,5.0
480,141879,5.0
480,140106,3.0
480,146655,4.0
480,144779,4.0
480,146309,5.0
480,147687,5.0
884,141706,5.0
884,144267,4.0
884,136997,4.0
884,143801,5.0
884,140908,5.0
884,136495,4.0
884,135225,4.0
884,139500,5.0
884,137908,5.0
884,135718,4.0
884,145518,5.0
1180,142128,5.0
1180,140347,5.0
1180,137456,5.0
1180,136865,5.0
1180,135217,5.0
1180,143719,5.0
1180,139238,5.0
1180,143018,5.0
1180,143058,5.0
781,147634,5.0
781,140830,5.0
781,134824,5.0
781,145716,5.0
781,138341,5.0
882,139925,5.0
882,142361,5.0
882,139711,4.0
882,143736,5.0
882,147469,5.0
882,134874,5.0
882,138222,5.0
882,144901,5.0
882,139196,5.0
882,143766,5.0
287,137747,5.0
287,143525,4.0
287,142742,5.0
287,143439,5.0
287,147140,5.0
287,136115,5.0
1194,141477,5.0
1194,136072,5.0
1194,139188,5.0
1194,135420,5.0
1194,141680,5.0
883,142500,5.0
883,140480,5.0
883,140441,5.0
883,144246,5.0
883,144950,5.0
820,138687,4.0
820,139308,4.0
820,142197,4.0
820,137896,2.0
820,141748,3.0
907,140623,5.0
907,139234,5.0
907,142106,5.0
907,141540,5.0
907,140463,5.0
907,138763,5.0
907,147030,5.0
907,140673,5.0
907,141430,5.0
907,137817,5.0
907,140959,5.0
907,145150,5.0
907,136036,5.0
10,136895,5.0
10,136057,5.0
10,147707,5.0
10,144609,5.0
10,136237,5.0
10,135913,5.0
10,135773,5.0
1073,145298,5.0
1073,143351,5.0
1073,146208,5.0
1073,138678,5.0
1073,142179,5.0
1073,141782,5.0
1073,138231,5.0
721,146682,5.0
721,144430,5.0
721,146220,5.0
721,143026,5.0
721,136722,5.0
721,140733,5.0
721,137895,5.0
721,141955,1.0
721,137639,5.0
721,137791,5.0
721,136296,5.0
721,135017,5.0
721,143585,5.0
721,139555,5.0
721,135984,5.0
721,146744,5.0
721,136521,5.0
436,139039,5.0
436,146159,5.0
436,143734,5.0
436,134882,4.0
436,138888,5.0
436,147174,5.0
436,143234,5.0
165,141377,5.0
165,135646,5.0
165,142447,5.0
165,139528,4.0
165,137345,5.0
165,145295,5.0
165,137757,4.0
165,134954,4.0
165,142270,5.0
165,134952,5.0
165,137006,5.0
165,141407,5.0
165,138206,4.0
563,135837,4.0
563,138655,5.0
563,134964,5.0
563,146872,5.0
563,138333,4.0
563,142454,4.0
563,135889,4.0
563,147408,5.0
563,140569,5.0
563,145695,5.0
563,138215,5.0
563,147632,5.0
563,138171,5.0
563,135175,5.0
563,137825,3.0
563,144519,4.0
563,138199,3.0
563,139592,4.0
563,138628,5.0
563,134890,4.0
563,147553,4.0
563,146763,5.0
563,146926,5.0
563,142011,3.0
563,139238,3.0
563,136486,5.0
380,135141,5.0
380,135236,5.0
380,136351,5.0
380,139339,5.0
380,137106,4.0
1074,141526,5.0
1074,138064,5.0
1074,145908,5.0
1074,145288,5.0
1074,142682,5.0
1074,144578,5.0
1074,138690,4.0
874,145981,3.0
874,140227,2.0
874,139530,3.0
874,145715,1.0
874,144387,1.0
874,147896,1.0
874,135280,3.0
874,144906,4.0
874,137476,3.0
874,147598,3.0
874,146835,3.0
874,135799,3.0
874,140833,4.0
874,145631,4.0
874,141339,4.0
874,135953,3.0
874,140206,4.0
874,139432,3.0
874,142503,3.0
874,142684,3.0
874,136007,5.0
874,145804,5.0
874,143444,4.0
874,142398,3.0
874,143874,5.0
874,135777,2.0
874,141264,3.0
874,136462,4.0
874,136846,5.0
874,142401,5.0
286,145762,5.0
286,142346,5.0
286,140493,5.0
286,144308,5.0
286,143580,5.0
286,143053,5.0
286,141018,5.0
286,141392,5.0
286,139563,5.0
286,136218,5.0
286,138054,5.0
286,145425,5.0
286,136743,5.0
286,136502,5.0
286,143003,5.0
286,139274,5.0
286,138091,5.0
286,145542,5.0
286,136243,5.0
759,139932,5.0
759,139312,5.0
759,138416,5.0
759,138680,5.0
759,140622,5.0
247,146371,4.0
247,137088,3.0
247,139386,4.0
247,135167,4.0
247,147423,4.0
247,144464,2.0
247,143560,3.0
247,139677,5.0
247,139358,4.0
247,145450,4.0
313,136240,5.0
313,146983,5.0
313,146410,5.0
313,142701,5.0
313,145668,1.0
313,139288,5.0
313,135447,5.0
313,141415,5.0
313,139064,5.0
313,135303,3.0
313,138894,5.0
313,135301,5.0
313,145317,5.0
313,140711,3.0
313,141075,5.0
313,144505,5.0
313,135285,5.0
313,135324,3.0
313,144884,5.0
313,145703,1.0
313,147414,1.0
313,137743,5.0
313,141966,5.0
313,137832,5.0
313,138082,1.0
98,140086,5.0
98,146165,4.0
98,144024,5.0
98,139502,3.0
98,139789,3.0
98,135210,5.0
98,140224,4.0
98,137464,5.0
98,134860,5.0
98,146567,5.0
98,142868,5.0
98,137493,4.0
98,145367,5.0
98,144910,3.0
735,138338,5.0
735,138378,5.0
735,137947,5.0
735,146947,5.0
735,134862,5.0
735,138204,5.0
735,137045,5.0
735,135737,5.0
693,137540,5.0
693,137160,4.0
693,138721,5.0
693,143125,4.0
693,137466,4.0
693,147372,4.0
693,140867,5.0
693,141039,5.0
945,137091,4.0
945,142560,5.0
945,140681,5.0
945,147261,5.0
945,136315,5.0
945,135429,5.0
945,143584,5.0
945,135827,1.0
1044,141487,5.0
1044,139859,5.0
1044,146239,1.0
1044,144824,5.0
1044,139316,5.0
1035,137886,5.0
1035,136128,5.0
1035,143694,5.0
1035,141056,5.0
1035,141964,5.0
1035,135492,5.0
1035,134867,5.0
1035,140853,5.0
1035,135424,5.0
1035,141925,5.0
1035,137503,5.0
1035,147138,5.0
1035,144641,5.0
1035,136779,5.0
1035,134818,5.0
1035,140851,5.0
1035,146998,5.0
1226,143604,5.0
1226,142097,1.0
1226,145357,5.0
1226,139736,5.0
1226,138426,5.0
1226,146764,2.0
1226,145919,5.0
1226,144686,5.0
1226,145265,5.0
409,141239,4.0
409,141185,4.0
409,136964,4.0
409,142086,5.0
409,143598,4.0
409,135736,5.0
409,134844,5.0
409,138933,4.0
829,135704,4.0
829,141931,5.0
829,135178,4.0
829,135515,5.0
829,138047,5.0
193,147191,5.0
193,145365,5.0
193,138271,5.0
193,138758,5.0
193,146719,5.0
193,141858,5.0
193,142080,5.0
193,135411,5.0
193,145956,5.0
193,142491,5.0
193,136486,5.0
193,137756,5.0
193,147718,5.0
707,146011,5.0
707,139569,5.0
707,136100,5.0
707,134997,5.0
707,145671,5.0
707,139535,5.0
707,138595,5.0
707,147197,5.0
795,142043,5.0
795,136471,5.0
795,137661,5.0
795,147651,5.0
795,135064,5.0
795,139506,5.0
1292,138792,3.0
1292,145841,4.0
1292,144695,5.0
1292,140505,3.0
1292,145990,4.0
1292,138569,5.0
1292,145475,5.0
1292,138481,2.0
1292,143611,5.0
1292,145823,5.0
334,139484,5.0
334,137922,5.0
334,145251,5.0
334,137804,5.0
334,145179,5.0
334,135860,4.0
334,136505,5.0
334,137097,5.0
334,145383,5.0
334,147434,5.0
334,137680,3.0
334,138688,5.0
334,141668,5.0
334,139867,5.0
63,136122,5.0
63,139356,5.0
63,146932,5.0
63,137010,5.0
63,145385,5.0
451,145882,5.0
451,138867,5.0
451,146474,5.0
451,142547,5.0
451,143718,5.0
451,136235,5.0
1201,140596,5.0
1201,146954,5.0
1201,135476,5.0
1201,147460,5.0
1201,138361,1.0
1201,142313,5.0
1201,139061,5.0
1201,136567,5.0
1201,137346,5.0
1060,140864,5.0
1060,141965,4.0
1060,145683,5.0
1060,144902,5.0
1060,136714,4.0
33,143571,2.0
33,136004,5.0
33,138009,5.0
33,137455,5.0
33,144678,4.0
33,141230,2.0
33,144272,3.0
33,142012,5.0
33,139692,4.0
33,138229,5.0
33,140924,5.0
33,141005,5.0
33,139059,5.0
472,146444,5.0
472,144794,5.0
472,146813,5.0
472,139361,5.0
472,146762,4.0
1219,135609,5.0
1219,146249,5.0
1219,146662,5.0
1219,145523,5.0
1219,135460,5.0
393,143131,5.0
393,136517,5.0
393,136612,5.0
393,143131,5.0
393,136517,5.0
393,136612,5.0
1274,142661,5.0
1274,140756,5.0
1274,138920,5.0
1274,143368,5.0
1274,142842,5.0
1274,140757,5.0
1274,135975,5.0
1274,135901,5.0
1274,136380,4.0
1274,141663,3.0
1274,144462,4.0
1274,145301,5.0
1274,143307,4.0
1274,138322,5.0
1274,140256,5.0
168,136057,5.0
168,146873,5.0
168,138302,5.0
168,140993,5.0
168,144766,5.0
168,136390,5.0
168,142176,5.0
168,136323,5.0
168,144190,5.0
168,143980,5.0
168,136416,5.0
168,147453,5.0
168,138224,5.0
168,142916,5.0
168,135721,5.0
168,142426,5.0
168,143534,5.0
168,142000,5.0
168,144364,5.0
168,137631,5.0
168,140584,5.0
168,136930,5.0
168,142699,5.0
736,137517,4.0
736,135263,4.0
736,135337,3.0
736,137135,4.0
736,136790,3.0
736,136160,4.0
736,144377,3.0
736,141381,4.0
736,136763,4.0
736,140025,4.0
736,145048,5.0
736,135836,5.0
736,135619,5.0
736,136682,4.0
736,140848,2.0
736,142210,4.0
736,144610,3.0
736,137953,4.0
736,142900,5.0
736,137677,3.0
736,147794,4.0
736,140898,4.0
736,147461,4.0
736,145037,3.0
736,141574,4.0
736,137019,3.0
736,144365,5.0
736,144983,2.0
736,147789,3.0
736,147088,3.0
736,144322,4.0
736,145585,2.0
736,143304,3.0
736,145654,2.0
736,145276,3.0
736,147065,5.0
736,135198,5.0
736,139186,2.0
736,137551,5.0
736,142282,5.0
736,141292,5.0
736,139349,4.0
736,138258,5.0
736,143888,5.0
736,137744,3.0
736,136157,5.0
736,140772,3.0
736,142380,4.0
736,138403,4.0
736,140030,4.0
736,145361,4.0
736,145838,5.0
736,137342,4.0
736,147658,3.0
736,143061,4.0
736,147007,4.0
736,142883,5.0
736,136525,4.0
789,139723,5.0
789,142459,5.0
789,142571,5.0
789,138071,5.0
789,135403,5.0
789,139656,5.0
789,135020,5.0
789,142099,5.0
789,143484,5.0
789,140511,5.0
789,135196,5.0
789,138940,5.0
789,143352,5.0
789,145240,5.0
789,139729,5.0
789,146688,5.0
789,146284,5.0
789,142636,5.0
789,144654,5.0
99,137560,4.0
99,137921,5.0
99,145076,5.0
99,141902,3.0
99,143176,3.0
1256,145042,5.0
1256,143086,5.0
1256,144958,5.0
1256,147717,5.0
1256,136016,5.0
1256,147850,5.0
1256,141231,5.0
1256,147871,5.0
1256,143030,5.0
1256,146418,5.0
1256,138074,5.0
1256,141072,5.0
1256,147133,5.0
1256,147812,5.0
1256,146138,5.0
1256,136338,3.0
1256,135812,5.0
1256,140399,4.0
1256,135162,5.0
1256,145600,5.0
1256,146349,4.0
1256,138702,4.0
1256,138895,3.0
1256,140839,4.0
1256,144541,4.0
1256,137247,4.0
1256,137102,4.0
1256,147779,4.0
1256,147685,3.0
1256,142800,3.0
1256,136534,3.0
1298,141040,1.0
1298,137125,5.0
1298,146458,5.0
1298,135292,5.0
1298,141810,5.0
1298,137093,1.0
1167,146277,5.0
1167,143203,5.0
1167,140043,5.0
1167,141376,5.0
1167,139653,5.0
1167,137584,5.0
1167,144705,5.0
604,135994,5.0
604,146324,5.0
604,141956,5.0
604,145212,5.0
604,143974,5.0
880,145147,5.0
880,136990,5.0
880,144389,5.0
880,147910,5.0
880,136070,5.0
880,136996,5.0
880,135990,5.0
981,146877,5.0
981,143553,5.0
981,141660,2.0
981,146394,4.0
981,142098,4.0
981,140013,5.0
981,138344,5.0
981,141970,5.0
71,141427,5.0
71,136365,5.0
71,136189,5.0
71,142756,5.0
71,139236,5.0
338,145550,5.0
338,142420,5.0
338,139045,3.0
338,139093,4.0
338,140036,1.0
338,140998,1.0
338,138112,3.0
338,136795,4.0
338,143400,3.0
338,137598,3.0
338,143583,5.0
338,144525,5.0
338,142568,3.0
338,135232,4.0
338,137911,1.0
338,138484,4.0
338,141632,5.0
338,142921,5.0
338,147792,4.0
338,136653,5.0
338,144219,5.0
338,139138,5.0
338,139765,5.0
338,138669,4.0
338,136879,4.0
338,143385,4.0
338,143756,5.0
338,137170,4.0
338,143823,4.0
338,142221,3.0
338,143261,4.0
338,146272,4.0
338,135473,4.0
338,145748,5.0
338,141847,4.0
338,142954,4.0
338,146475,4.0
338,139105,5.0
338,136694,5.0
338,138030,4.0
338,135119,3.0
338,140423,5.0
338,143731,4.0
338,145190,4.0
338,145741,4.0
338,143841,4.0
338,142531,4.0
935,144195,5.0
935,136998,4.0
935,145878,5.0
935,137130,4.0
935,147282,4.0
935,146622,5.0
935,139927,3.0
935,147075,5.0
992,139545,5.0
992,143013,5.0
992,142775,4.0
992,141347,4.0
992,139731,5.0
1287,147280,5.0
1287,139613,3.0
1287,135404,5.0
1287,146820,5.0
1287,136635,5.0
640,138903,5.0
640,144094,5.0
640,139098,5.0
640,145704,5.0
640,145448,5.0
640,137504,5.0
640,145189,5.0
640,142255,5.0
640,136570,5.0
640,139868,5.0
640,135433,5.0
640,147855,5.0
640,141226,5.0
640,136931,5.0
640,143294,5.0
351,147034,5.0
351,136946,5.0
351,139271,5.0
351,147599,5.0
351,136872,5.0
351,143955,5.0
351,143537,5.0
351,144665,5.0
351,135663,5.0
351,136190,5.0
351,143661,5.0
351,136571,5.0
351,139425,5.0
351,146582,5.0
351,144661,5.0
351,141513,5.0
351,145371,5.0
351,144115,5.0
351,144229,5.0
351,145008,5.0
351,147175,5.0
351,138086,5.0
351,138703,5.0
351,143224,5.0
351,140770,5.0
351,137845,5.0
351,137360,5.0
351,139069,5.0
351,140984,5.0
351,137649,5.0
351,135399,5.0
351,144486,5.0
351,144945,5.0
351,147426,5.0
351,137440,5.0
351,139857,5.0
351,147858,5.0
351,145712,5.0
351,136798,5.0
351,137987,5.0
351,146526,5.0
689,137897,5.0
689,145154,2.0
689,136072,5.0
689,147625,5.0
689,136959,5.0
689,136468,5.0
572,142903,4.0
572,147054,5.0
572,142443,4.0
572,138142,5.0
572,144546,4.0
572,142467,5.0
572,146535,5.0
202,140875,5.0
202,144040,4.0
202,138791,5.0
202,146662,5.0
202,144186,4.0
1295,146227,4.0
1295,143117,5.0
1295,147015,3.0
1295,136835,5.0
1295,144315,4.0
1037,135116,5.0
1037,147000,5.0
1037,143543,5.0
1037,143667,5.0
1037,141738,5.0
160,135873,4.0
160,136482,5.0
160,141716,4.0
160,146716,5.0
160,145483,3.0
160,144670,5.0
467,144099,1.0
467,144299,5.0
467,144605,5.0
467,146897,5.0
467,141703,1.0
467,141899,1.0
467,145764,1.0
467,143097,1.0
467,146141,1.0
1008,146505,4.0
1008,147799,5.0
1008,142882,5.0
1008,137326,3.0
1008,142265,5.0
1008,146145,5.0
1008,145950,4.0
1008,144831,4.0
1008,137814,5.0
1008,138815,4.0
1008,143199,5.0
1008,138085,5.0
1008,139161,4.0
1008,147146,5.0
1008,135579,5.0
1008,138274,5.0
1008,138980,5.0
1008,136107,5.0
1008,145921,5.0
1008,139486,4.0
1008,141155,5.0
1008,145308,5.0
1008,135899,4.0
1008,145126,5.0
1008,144853,4.0
1008,137387,4.0
1008,139235,5.0
1008,138746,5.0
1008,147924,4.0
1008,141538,5.0
1008,146860,5.0
1008,135879,5.0
1008,139156,5.0
1008,139537,4.0
1008,135378,5.0
1008,139688,5.0
1008,142647,4.0
1008,147787,5.0
1008,144495,5.0
1008,145065,5.0
1008,135390,5.0
1008,135229,4.0
1008,139964,5.0
1008,136318,5.0
1008,142008,5.0
1008,145512,4.0
1008,137873,5.0
1008,138254,4.0
1008,145661,5.0
1008,147409,4.0
1008,140585,5.0
1008,144618,4.0
1008,138953,4.0
1008,139420,5.0
1008,136222,3.0
1008,141459,4.0
1008,136095,4.0
1008,139373,5.0
1008,141595,5.0
1008,136474,4.0
1008,138531,4.0
1008,139146,1.0
1008,139517,5.0
1008,144067,5.0
1008,139169,5.0
1008,142764,5.0
1008,136899,4.0
1008,142105,4.0
1008,142483,4.0
1008,145077,4.0
1008,147600,4.0
1008,141079,5.0
1008,141644,4.0
1008,141746,5.0
1008,144789,5.0
1008,135081,4.0
1008,145937,4.0
1008,147438,5.0
1008,142187,5.0
1008,144990,4.0
1008,134817,5.0
1008,147293,4.0
1008,136032,4.0
1198,146142,5.0
1198,137801,5.0
1198,147727,4.0
1198,146805,5.0
1198,142766,5.0
179,138244,5.0
179,144941,5.0
179,137722,2.0
179,143514,1.0
179,141764,5.0
857,143959,3.0
857,146726,5.0
857,146793,5.0
857,137111,5.0
857,144238,5.0
857,137061,5.0
857,146604,5.0
857,136671,5.0
857,139395,5.0
857,135116,5.0
857,146353,5.0
857,136598,5.0
857,135884,5.0
857,135825,5.0
857,135417,5.0
857,145626,5.0
857,143666,5.0
857,137373,5.0
857,145492,5.0
857,147669,5.0
857,140365,5.0
857,141210,5.0
857,143190,5.0
857,145120,5.0
1127,138466,5.0
1127,142306,4.0
1127,144228,5.0
1127,136066,3.0
1127,143653,5.0
1127,137253,5.0
463,144666,4.0
463,134858,5.0
463,143882,5.0
463,138684,4.0
463,147180,5.0
52,140173,3.0
52,136595,3.0
52,141540,3.0
52,145691,3.0
52,137923,3.0
52,146132,3.0
52,136707,3.0
52,143137,3.0
52,136435,3.0
52,147479,3.0
52,143502,3.0
52,147057,3.0
52,140806,3.0
52,142054,3.0
52,140472,3.0
52,137366,3.0
52,146636,3.0
52,137240,3.0
52,147308,3.0
52,140559,3.0
52,143059,3.0
52,139108,3.0
52,145717,5.0
52,146722,4.0
52,144147,3.0
52,135290,3.0
52,144086,3.0
52,141117,3.0
52,135331,3.0
52,137276,3.0
52,135449,3.0
52,146175,4.0
52,141682,4.0
52,143728,3.0
52,139535,4.0
52,141177,3.0
52,142106,3.0
52,143716,3.0
52,141460,3.0
527,147044,5.0
527,146195,5.0
527,142292,5.0
527,146167,5.0
527,137920,5.0
1114,139570,5.0
1114,135061,5.0
1114,145270,5.0
1114,141596,5.0
1114,142471,5.0
132,140957,5.0
132,139508,1.0
132,139619,5.0
132,138004,5.0
132,138456,4.0
241,143220,5.0
241,147319,5.0
241,141813,5.0
241,140656,5.0
241,139513,5.0
241,134932,5.0
241,139636,5.0
241,134962,5.0
241,144838,5.0
241,140266,5.0
241,136599,5.0
241,135814,5.0
241,146307,5.0
851,145899,5.0
851,146933,5.0
851,141623,5.0
851,138123,5.0
851,142826,5.0
851,138457,5.0
851,139609,5.0
851,142774,5.0
851,137204,5.0
851,143514,5.0
851,143711,5.0
851,145918,5.0
281,147891,5.0
281,142377,5.0
281,135250,5.0
281,137330,5.0
281,143089,5.0
281,138381,5.0
281,146146,5.0
281,135560,5.0
964,140515,2.0
964,139353,5.0
964,135415,1.0
964,144691,5.0
964,135240,2.0
95,143800,5.0
95,140706,4.0
95,136491,4.0
95,141019,4.0
95,146899,3.0
95,139363,5.0
95,143480,3.0
95,144589,5.0
95,147655,4.0
95,145951,5.0
95,143854,5.0
95,144593,3.0
95,135380,4.0
95,143763,5.0
95,135123,4.0
95,139019,5.0
95,142301,3.0
1072,146981,5.0
1072,135897,5.0
1072,147033,5.0
1072,140134,5.0
1072,139239,5.0
312,141285,5.0
312,136493,2.0
312,144579,1.0
312,143090,5.0
312,143797,3.0
325,140112,5.0
325,144883,5.0
325,142619,5.0
325,138521,5.0
325,144139,4.0
325,144726,5.0
325,146460,5.0
325,141804,5.0
325,146862,5.0
325,140688,5.0
539,140478,5.0
539,145459,5.0
539,146054,5.0
539,139366,5.0
539,139989,5.0
1054,141525,5.0
1054,147101,5.0
1054,141382,5.0
1054,140105,5.0
1054,146448,4.0
1054,135693,4.0
1054,142071,5.0
1054,137970,5.0
1054,141488,5.0
1054,145055,2.0
1054,134888,5.0
1054,140207,5.0
1054,137145,5.0
1054,138143,5.0
1054,139479,5.0
1054,138613,5.0
1054,143785,5.0
1054,141920,5.0
1054,143857,5.0
1054,137542,5.0
1054,147632,5.0
1054,142658,5.0
1054,142986,5.0
692,142238,5.0
692,147338,5.0
692,138362,5.0
692,146855,5.0
692,136982,5.0
692,140829,5.0
692,135321,5.0
692,141825,5.0
692,143138,5.0
757,141146,5.0
757,140913,5.0
757,146135,4.0
757,137122,5.0
757,139782,5.0
757,141089,5.0
757,135712,5.0
757,146641,5.0
757,147581,5.0
757,147074,5.0
757,143483,4.0
757,139966,5.0
757,139757,5.0
757,143169,5.0
724,145198,5.0
724,146193,5.0
724,146978,5.0
724,138147,5.0
724,145504,5.0
724,147269,5.0
724,140975,5.0
724,146756,5.0
724,136497,5.0
1252,147913,1.0
1252,146107,5.0
1252,135978,1.0
1252,142023,1.0
1252,140966,4.0
1224,135205,5.0
1224,140495,5.0
1224,137729,5.0
1224,139027,5.0
1224,135176,5.0
1224,135731,5.0
1231,147391,4.0
1231,139690,4.0
1231,138496,5.0
1231,143973,5.0
1231,139784,5.0
398,139675,4.0
398,143073,4.0
398,145927,4.0
398,143106,4.0
398,138465,4.0
398,142535,4.0
398,137302,5.0
398,143815,4.0
398,142892,4.0
398,138522,4.0
398,136027,5.0
398,139908,5.0
398,138770,4.0
398,136145,5.0
398,141364,5.0
398,135028,5.0
398,143817,5.0
398,145134,5.0
398,143445,3.0
398,144487,5.0
398,146904,4.0
398,143285,4.0
186,143443,1.0
186,145972,5.0
186,142014,1.0
186,146151,4.0
186,146563,5.0
186,134969,5.0
186,141544,5.0
186,138826,1.0
1172,138067,5.0
1172,139249,5.0
1172,136046,2.0
1172,136088,5.0
1172,135353,5.0
1172,140473,5.0
1172,147594,5.0
1153,145127,5.0
1153,136515,5.0
1153,138659,5.0
1153,135604,5.0
1153,147042,5.0
1153,147219,4.0
250,136916,4.0
250,141025,4.0
250,138825,5.0
250,145796,4.0
250,145454,4.0
250,138268,4.0
1289,139393,5.0
1289,140317,5.0
1289,138350,5.0
1289,143151,5.0
1289,136577,5.0
1289,145098,5.0
1289,138706,5.0
1289,142126,5.0
532,135375,5.0
532,138835,4.0
532,142810,5.0
532,147593,5.0
532,142924,5.0
873,136382,5.0
873,145957,5.0
873,138145,5.0
873,145293,5.0
873,147593,5.0
873,142988,5.0
1304,146239,5.0
1304,139246,5.0
1304,142437,5.0
1304,136642,5.0
1304,142650,5.0
1304,138767,5.0
1304,137163,5.0
1304,144723,5.0
1304,136984,5.0
1304,139714,5.0
521,142158,4.0
521,145705,5.0
521,146569,5.0
521,145336,5.0
521,135847,5.0
1311,135974,5.0
1311,141527,5.0
1311,143724,5.0
1311,139452,5.0
1311,144509,5.0
1311,137232,5.0
1311,143663,3.0
1311,141135,4.0
1311,145286,5.0
605,138935,5.0
605,137983,5.0
605,146227,5.0
605,139630,5.0
605,136562,5.0
537,135056,4.0
537,144803,5.0
537,144022,5.0
537,141262,5.0
537,140804,5.0
635,134998,5.0
635,137408,5.0
635,145647,5.0
635,145520,5.0
635,139066,3.0
635,140127,5.0
635,137221,3.0
635,147512,1.0
635,145350,3.0
117,135634,5.0
117,140251,5.0
117,137274,5.0
117,137486,5.0
117,147292,5.0
458,138588,3.0
458,141104,5.0
458,142937,5.0
458,143178,3.0
458,144087,3.0
458,145409,5.0
458,139526,5.0
797,136929,4.0
797,142348,5.0
797,137753,5.0
797,139712,5.0
797,142734,5.0
797,140068,5.0
797,137424,5.0
797,142223,5.0
797,143678,5.0
797,144093,5.0
797,145324,5.0
797,142862,5.0
797,145142,5.0
797,136796,5.0
797,147357,5.0
797,147171,5.0
797,137421,4.0
797,137192,5.0
797,145525,4.0
797,139079,5.0
797,147218,5.0
397,140550,5.0
397,137359,5.0
397,138121,5.0
397,137060,5.0
397,135959,5.0
397,141523,5.0
397,141220,5.0
397,141048,5.0
1181,143770,4.0
1181,140939,5.0
1181,139510,5.0
1181,145355,5.0
1181,137629,5.0
1181,135554,4.0
1181,147586,5.0
1181,142149,5.0
1181,137627,5.0
1181,142472,5.0
1181,144084,5.0
1181,147883,5.0
1181,139368,5.0
1181,138988,4.0
1181,139347,5.0
1181,143814,5.0
1181,137372,4.0
1181,137291,5.0
1181,137147,5.0
1181,140999,5.0
1181,139433,4.0
1181,142280,5.0
1181,135697,4.0
1181,140148,4.0
1181,139139,4.0
1181,145714,5.0
1181,136551,5.0
1181,144619,4.0
1181,134920,5.0
1181,139223,4.0
1181,142489,5.0
1181,136073,5.0
1181,145832,3.0
1181,147702,5.0
1181,142596,4.0
1181,136362,4.0
1181,141156,5.0
1181,145213,5.0
1181,139568,5.0
1181,137066,4.0
1181,136614,4.0
1181,143704,5.0
1181,136874,4.0
1181,144411,5.0
1181,138386,4.0
1181,147629,5.0
1181,144727,4.0
1181,145947,4.0
1181,141133,4.0
1181,139587,5.0
1181,138031,5.0
1181,138374,5.0
1181,142109,5.0
1181,141678,5.0
1181,135593,5.0
1181,147545,5.0
1181,140963,5.0
1181,143768,4.0
1181,137301,4.0
1181,138726,5.0
1181,142414,4.0
1181,146176,5.0
1181,136620,5.0
1181,147795,5.0
1181,143168,5.0
1181,141553,5.0
1181,136005,4.0
1181,135756,5.0
1181,142169,5.0
1181,143318,5.0
1181,135682,5.0
1181,137979,5.0
1181,147286,4.0
1181,142119,5.0
1181,138320,4.0
1181,137275,5.0
1181,142958,5.0
1181,140722,5.0
1181,144333,4.0
1181,145291,5.0
1181,137200,5.0
1181,138156,5.0
1181,140323,5.0
1181,138843,5.0
1181,139777,4.0
1181,146148,5.0
1181,143961,5.0
1181,141476,5.0
1181,135924,4.0
1181,142022,4.0
1181,140174,4.0
1181,135332,5.0
1181,137173,4.0
1181,146354,3.0
1181,146421,5.0
1181,139933,4.0
1181,140182,4.0
1181,146012,5.0
1181,140342,5.0
1181,141282,5.0
1181,139538,5.0
1181,135408,4.0
1181,142160,3.0
1181,135785,5.0
1181,147216,5.0
1181,146411,4.0
1181,135208,4.0
1181,135160,3.0
1181,143732,5.0
1181,142778,4.0
1181,141648,4.0
1181,146770,4.0
1181,147578,5.0
1117,144585,5.0
1117,143707,5.0
1117,140512,5.0
1117,138858,5.0
1117,139445,5.0
1117,141996,5.0
591,142620,5.0
591,142317,3.0
591,147127,5.0
591,140077,4.0
591,140243,3.0
591,142312,3.0
591,140556,4.0
591,140553,5.0
591,142494,5.0
591,147448,4.0
591,147270,4.0
591,139876,5.0
591,142410,5.0
591,147498,5.0
591,142396,5.0
591,145155,3.0
591,139831,5.0
591,140699,4.0
591,139976,4.0
591,137281,5.0
591,146294,3.0
591,140340,4.0
591,139967,3.0
591,136681,5.0
591,143726,3.0
591,140621,2.0
591,147557,3.0
591,136130,5.0
591,138032,4.0
591,135857,3.0
379,143847,5.0
379,138432,3.0
379,140210,3.0
379,147760,2.0
379,135917,2.0
379,142889,4.0
827,134887,4.0
827,144431,4.0
827,139372,4.0
827,141808,5.0
827,135127,5.0
57,141059,5.0
57,140163,5.0
57,146586,5.0
57,137737,5.0
57,143906,5.0
57,136484,5.0
57,147834,5.0
57,145553,5.0
57,137535,5.0
57,137347,5.0
57,144590,5.0
291,143605,5.0
291,147575,5.0
291,135614,2.0
291,140927,5.0
291,142559,4.0
291,138028,5.0
1164,145182,5.0
1164,141535,4.0
1164,139126,5.0
1164,145822,5.0
1164,142140,4.0
347,147117,5.0
347,142579,5.0
347,137576,2.0
347,139163,1.0
347,143949,5.0
335,139938,5.0
335,139623,2.0
335,138795,5.0
335,144927,5.0
335,134994,5.0
335,143902,5.0
335,135872,5.0
335,135940,5.0
335,136661,5.0
335,143050,5.0
335,141217,5.0
335,146907,5.0
335,140022,5.0
335,138708,5.0
1024,136222,5.0
1024,138732,5.0
1024,145261,4.0
1024,140534,5.0
1024,145473,4.0
333,147638,5.0
333,138660,5.0
333,145082,5.0
333,136108,5.0
333,143341,5.0
333,147840,5.0
333,139737,5.0
454,140677,3.0
454,138793,5.0
454,142515,5.0
454,136431,5.0
454,138217,5.0
454,147884,5.0
1077,140139,5.0
1077,143854,5.0
1077,146474,5.0
1077,146311,5.0
1077,147221,5.0
1093,144599,5.0
1093,147401,5.0
1093,146046,5.0
1093,139030,5.0
1093,137055,5.0
1093,140513,5.0
1093,146099,5.0
1093,145163,5.0
342,136449,5.0
342,147064,5.0
342,143279,5.0
342,141816,5.0
342,136206,5.0
342,140964,5.0
342,136153,5.0
342,145010,5.0
342,138587,5.0
342,144244,5.0
342,137290,5.0
787,144268,5.0
787,144117,5.0
787,138773,3.0
787,146615,4.0
787,142509,5.0
787,135505,4.0
787,140861,4.0
787,141454,5.0
983,141423,4.0
983,136700,5.0
983,146893,5.0
983,142032,2.0
983,136942,5.0
983,137142,1.0
983,144379,5.0
983,140118,4.0
983,139493,2.0
1027,144373,3.0
1027,136313,5.0
1027,139283,5.0
1027,143256,5.0
1027,142561,4.0
671,141060,1.0
671,141542,4.0
671,144327,5.0
671,140107,5.0
671,136837,3.0
671,138859,5.0
671,142407,5.0
671,137691,4.0
652,135230,5.0
652,143902,5.0
652,137898,5.0
652,146745,5.0
652,140389,4.0
415,135878,2.0
415,145244,2.0
415,134894,5.0
415,144490,3.0
415,142782,4.0
415,137133,5.0
415,135698,4.0
415,135128,4.0
415,138226,1.0
146,145577,5.0
146,144252,5.0
146,138388,5.0
146,146776,5.0
146,140216,5.0
146,139131,5.0
146,135063,5.0
146,138723,3.0
1099,136698,5.0
1099,141429,5.0
1099,146172,5.0
1099,146188,5.0
1099,139825,5.0
1099,142429,5.0
848,145539,5.0
848,144983,5.0
848,139803,5.0
848,140925,4.0
848,144165,5.0
1085,141324,4.0
1085,146875,5.0
1085,146713,5.0
1085,139110,4.0
1085,145873,5.0
1085,138356,5.0
1085,147166,5.0
1085,137706,5.0
1085,144655,5.0
728,135356,5.0
728,138187,5.0
728,139276,5.0
728,147655,5.0
728,137398,5.0
1034,142425,5.0
1034,143939,3.0
1034,144914,5.0
1034,135163,5.0
1034,135762,5.0
1034,146045,5.0
1034,134892,5.0
1034,138614,4.0
1034,137462,5.0
1034,140498,5.0
496,136938,5.0
496,147542,5.0
496,135576,5.0
496,146164,4.0
496,145415,5.0
496,139786,5.0
298,137054,5.0
298,137700,4.0
298,145466,3.0
298,136715,4.0
298,145407,4.0
298,143497,4.0
298,135689,4.0
298,145255,5.0
298,139638,4.0
298,135422,5.0
231,140926,5.0
231,142141,4.0
231,141554,5.0
231,138419,5.0
231,135630,5.0
231,140293,5.0
231,144629,5.0
231,136903,3.0
231,142666,5.0
482,139662,3.0
482,146646,4.0
482,138314,5.0
482,142979,3.0
482,142845,4.0
482,136161,4.0
482,144477,5.0
745,139990,3.0
745,140381,4.0
745,144048,4.0
745,141801,4.0
745,144394,2.0
745,141093,5.0
745,136091,4.0
745,146828,4.0
745,135123,4.0
745,137682,4.0
745,146312,5.0
745,135163,4.0
745,141401,4.0
705,141198,5.0
705,147863,5.0
705,143573,5.0
705,135480,5.0
705,145735,5.0
705,139346,5.0
705,142577,5.0
705,138607,3.0
705,139453,5.0
705,140915,5.0
705,147488,5.0
705,143558,5.0
705,140500,5.0
1101,136883,4.0
1101,135845,4.0
1101,142124,4.0
1101,140656,4.0
1101,144134,3.0
1101,141977,3.0
39,138294,5.0
39,141954,5.0
39,143493,5.0
39,139050,5.0
39,143466,5.0
1126,146637,5.0
1126,134848,5.0
1126,138339,5.0
1126,143655,5.0
1126,140636,5.0
1126,138637,5.0
1126,135511,5.0
1126,147327,5.0
1126,144716,5.0
1126,141180,5.0
1126,142925,5.0
1126,143574,5.0
1126,145866,5.0
1126,135416,5.0
1126,135143,5.0
1335,145888,4.0
1335,139758,4.0
1335,141383,5.0
1335,145192,4.0
1335,140744,4.0
1335,141495,5.0
1335,146254,5.0
1335,142971,5.0
105,147499,2.0
105,147334,2.0
105,144628,5.0
105,147886,3.0
105,143866,5.0
105,137646,4.0
105,145382,2.0
105,138334,5.0
105,142161,5.0
106,139875,5.0
106,135026,5.0
106,145006,5.0
106,135243,5.0
106,140736,5.0
106,141958,5.0
889,142722,5.0
889,144780,5.0
889,140490,5.0
889,135647,5.0
889,144736,5.0
889,140017,5.0
889,143309,5.0
889,135763,5.0
1090,140922,5.0
1090,137948,5.0
1090,138571,5.0
1090,142933,5.0
1090,135173,5.0
1090,147051,5.0
1090,145903,5.0
1090,143432,5.0
1090,142081,5.0
1090,144029,5.0
1090,145014,5.0
1090,135202,5.0
1090,136451,5.0
1090,144433,5.0
54,144334,3.0
54,141233,5.0
54,137414,1.0
54,144025,1.0
54,136001,5.0
152,146438,5.0
152,143590,5.0
152,147068,5.0
152,145472,5.0
152,143915,5.0
402,144777,5.0
402,143235,5.0
402,145232,5.0
402,139838,5.0
402,146757,5.0
402,139753,5.0
402,141356,5.0
402,141730,5.0
402,138331,5.0
327,136767,4.0
327,137935,5.0
327,145995,5.0
327,144800,5.0
327,145235,5.0
327,140735,5.0
327,139165,5.0
327,145844,5.0
327,138884,5.0
327,136638,5.0
327,146766,5.0
327,140683,5.0
327,144359,5.0
1196,141832,5.0
1196,141203,5.0
1196,146153,5.0
1196,139275,5.0
1196,142466,5.0
1196,135561,5.0
1196,141504,5.0
1143,144457,5.0
1143,138931,5.0
1143,146039,3.0
1143,135019,5.0
1143,142675,5.0
1143,147095,1.0
1143,142550,5.0
91,137303,5.0
91,141576,5.0
91,135744,5.0
91,141826,5.0
91,136477,5.0
91,145480,5.0
91,147778,4.0
445,138912,3.0
445,137593,3.0
445,138130,5.0
445,138089,5.0
445,137095,4.0
445,134956,5.0
445,143967,4.0
445,143288,5.0
445,140406,5.0
445,136589,5.0
445,136280,5.0
445,142005,5.0
447,144505,5.0
447,135803,4.0
447,143838,3.0
447,139596,3.0
447,142139,3.0
447,137445,3.0
1176,135080,5.0
1176,144856,5.0
1176,136830,5.0
1176,144194,5.0
1176,143738,5.0
1176,141828,5.0
1176,136839,5.0
1176,141763,5.0
1176,144249,5.0
1176,142835,5.0
1176,139928,5.0
1176,135391,4.0
72,144171,5.0
72,136976,5.0
72,140610,5.0
72,144405,5.0
72,142848,5.0
589,142170,3.0
589,140127,5.0
589,140114,3.0
589,139026,5.0
589,144896,5.0
589,140065,5.0
589,146741,5.0
589,140799,2.0
589,142747,4.0
589,136670,5.0
589,141671,2.0
589,141546,3.0
589,144375,5.0
589,137171,5.0
959,146042,5.0
959,142145,5.0
959,144676,5.0
959,140244,5.0
959,141105,5.0
959,135439,4.0
959,146702,5.0
959,138506,4.0
959,143871,5.0
959,134828,4.0
959,142421,4.0
959,136527,5.0
959,146924,4.0
959,135871,5.0
959,139263,5.0
959,142732,3.0
959,144700,4.0
959,143327,4.0
959,136566,4.0
959,142397,4.0
959,134903,5.0
959,146919,4.0
959,143460,4.0
959,137863,5.0
959,146203,4.0
959,138868,4.0
959,141852,4.0
959,141893,4.0
959,145346,3.0
959,146483,4.0
959,147318,4.0
959,138646,4.0
959,140409,4.0
959,135975,4.0
959,146060,4.0
959,146162,4.0
959,147774,4.0
959,135107,4.0
959,140547,5.0
959,136848,5.0
989,144720,5.0
989,135553,5.0
989,135083,5.0
989,147093,5.0
989,136418,5.0
100,135214,5.0
100,139779,5.0
100,136477,5.0
100,138754,5.0
100,143024,5.0
100,146966,5.0
100,139614,5.0
100,146677,5.0
100,141742,5.0
129,146496,5.0
129,141189,5.0
129,137129,5.0
129,146496,5.0
129,141189,5.0
129,137129,5.0
1121,145200,2.0
1121,141152,3.0
1121,145412,3.0
1121,144710,3.0
1121,144936,3.0
1121,140574,3.0
1121,135219,2.0
1040,143108,5.0
1040,143076,3.0
1040,135126,5.0
1040,138308,3.0
1040,142572,5.0
617,140938,3.0
617,145898,5.0
617,145610,3.0
617,138135,5.0
617,140402,5.0
617,142262,4.0
617,141880,5.0
617,137211,5.0
617,143128,3.0
617,143793,5.0
617,137676,5.0
617,141443,5.0
617,144041,4.0
986,139197,4.0
986,138818,5.0
986,146147,5.0
986,144704,5.0
986,144922,5.0
986,147018,1.0
986,137928,4.0
986,141021,5.0
986,140125,3.0
1337,140318,5.0
1337,147380,5.0
1337,141077,5.0
1337,136910,5.0
1337,145140,5.0
1337,145673,5.0
1337,141461,5.0
1337,136536,5.0
1337,147520,5.0
1337,139494,5.0
1337,143219,5.0
508,143567,5.0
508,138807,4.0
508,139676,4.0
508,138311,3.0
508,144042,2.0
508,138913,4.0
528,144208,5.0
528,139520,5.0
528,134851,4.0
528,135241,4.0
528,136789,4.0
528,146930,4.0
931,138589,1.0
931,137508,1.0
931,137685,1.0
931,143391,1.0
931,146280,1.0
931,138491,1.0
931,137528,1.0
931,143883,1.0
931,136918,1.0
931,144452,1.0
931,139812,1.0
931,143871,1.0
931,140959,1.0
931,135958,1.0
931,146725,1.0
931,138255,1.0
931,144055,1.0
931,140911,1.0
931,147120,1.0
931,135296,1.0
931,141555,1.0
931,137776,1.0
931,145758,1.0
931,135166,1.0
931,137174,1.0
931,144717,1.0
931,138510,1.0
931,140176,1.0
931,136008,1.0
931,138182,1.0
931,136962,1.0
931,139234,1.0
931,146798,1.0
931,145150,1.0
931,136036,1.0
931,147614,1.0
931,145996,5.0
931,145000,1.0
931,147489,1.0
931,142481,1.0
931,138234,1.0
931,147725,1.0
931,137572,1.0
931,140639,1.0
931,145621,1.0
931,143112,1.0
931,140871,1.0
931,140298,1.0
931,146086,1.0
931,143782,1.0
931,135642,1.0
931,140552,1.0
931,138209,1.0
931,136919,1.0
931,134960,1.0
931,140909,1.0
931,139308,1.0
931,143105,1.0
931,147807,1.0
931,147703,1.0
931,135134,1.0
931,146853,1.0
931,139342,1.0
931,143388,1.0
931,135849,1.0
931,138515,1.0
931,135322,1.0
931,141668,1.0
931,146705,1.0
931,140524,1.0
931,145534,1.0
931,147369,1.0
931,145333,1.0
931,147515,1.0
931,141432,1.0
931,140345,1.0
931,140974,1.0
931,144130,1.0
931,145413,1.0
931,142504,1.0
931,137817,1.0
931,142608,1.0
931,142536,1.0
931,145713,1.0
931,137339,1.0
931,143519,1.0
931,142774,1.0
931,146936,1.0
931,147030,1.0
931,147291,1.0
931,144010,1.0
931,138589,1.0
931,137508,1.0
931,137685,1.0
931,143391,1.0
931,146280,1.0
931,138491,1.0
931,137528,1.0
931,143883,1.0
931,136918,1.0
931,144452,1.0
931,139812,1.0
931,143871,1.0
931,140959,1.0
931,135958,1.0
931,146725,1.0
931,138255,1.0
931,144055,1.0
931,140911,1.0
931,147120,1.0
931,135296,1.0
931,141555,1.0
931,137776,1.0
931,145758,1.0
931,135166,1.0
931,137174,1.0
931,144717,1.0
931,138510,1.0
931,140176,1.0
931,136008,1.0
931,138182,1.0
931,136962,1.0
931,139234,1.0
931,146798,1.0
931,145150,1.0
931,136036,1.0
931,147614,1.0
931,145996,5.0
931,145000,1.0
931,147489,1.0
931,142481,1.0
931,138234,1.0
931,147725,1.0
931,137572,1.0
931,140639,1.0
931,145621,1.0
931,143112,1.0
931,140871,1.0
931,140298,1.0
931,146086,1.0
931,143782,1.0
931,135642,1.0
931,140552,1.0
931,138209,1.0
931,136919,1.0
931,134960,1.0
931,140909,1.0
931,139308,1.0
931,143105,1.0
931,147807,1.0
931,147703,1.0
931,135134,1.0
931,146853,1.0
931,139342,1.0
931,143388,1.0
931,135849,1.0
931,138515,1.0
931,135322,1.0
931,141668,1.0
931,146705,1.0
931,140524,1.0
931,145534,1.0
931,147369,1.0
931,145333,1.0
931,147515,1.0
931,141432,1.0
931,140345,1.0
931,140974,1.0
931,144130,1.0
931,145413,1.0
931,142504,1.0
931,137817,1.0
931,142608,1.0
931,142536,1.0
931,145713,1.0
931,137339,1.0
931,143519,1.0
931,142774,1.0
931,146936,1.0
931,147030,1.0
931,147291,1.0
931,144010,1.0
382,142962,5.0
382,138866,5.0
382,138966,5.0
382,138919,5.0
382,140156,5.0
382,145437,4.0
578,139921,5.0
578,139009,5.0
578,137426,5.0
578,144396,5.0
578,147096,5.0
578,146920,5.0
690,141496,4.0
690,136405,1.0
690,140073,4.0
690,146392,4.0
690,140656,5.0
690,141661,4.0
690,145386,5.0
690,134932,5.0
690,143220,5.0
877,135626,5.0
877,135251,3.0
877,146552,5.0
877,140998,5.0
877,136231,5.0
877,145860,5.0
240,147505,2.0
240,139879,5.0
240,136603,4.0
240,141490,5.0
240,143221,3.0
280,139643,5.0
280,147857,5.0
280,142627,5.0
280,142038,5.0
280,146419,5.0
280,142318,5.0
280,143660,5.0
280,146824,5.0
280,143637,5.0
280,136574,5.0
153,137219,5.0
153,142622,5.0
153,138497,5.0
153,136460,3.0
153,135757,5.0
153,144600,5.0
153,138698,5.0
153,146356,5.0
153,144514,5.0
153,146414,5.0
153,140199,5.0
153,147834,5.0
153,135845,5.0
1187,139881,4.0
1187,143551,5.0
1187,147530,5.0
1187,139631,5.0
1187,139394,5.0
1187,136526,1.0
1068,137919,5.0
1068,144835,3.0
1068,143873,5.0
1068,144388,5.0
1068,136452,4.0
1068,146921,5.0
1068,144302,5.0
1068,135370,4.0
1068,137603,5.0
1068,147364,5.0
1068,145252,5.0
1068,136094,5.0
1068,136051,5.0
1068,144598,5.0
1068,139440,5.0
1011,146372,1.0
1011,137309,5.0
1011,139473,5.0
1011,145630,5.0
1011,147382,5.0
1011,138448,4.0
1011,138928,5.0
1011,139669,5.0
1011,144675,3.0
1011,146116,5.0
1011,139761,1.0
703,137534,5.0
703,136257,4.0
703,144915,5.0
703,138947,5.0
703,138244,1.0
703,147428,4.0
703,138749,4.0
703,143046,5.0
703,141061,5.0
703,135482,5.0
703,141675,2.0
703,141238,4.0
703,146478,5.0
1329,142422,5.0
1329,138248,5.0
1329,145511,5.0
1329,140210,4.0
1329,145135,5.0
1329,140281,4.0
1329,139670,3.0
1329,138936,3.0
1329,144051,5.0
1329,137324,4.0
1329,140764,4.0
1329,137566,5.0
1329,146119,4.0
1329,145506,4.0
1329,139128,4.0
1329,140710,5.0
1329,137293,3.0
1329,142218,5.0
1329,139806,5.0
1329,146547,5.0
1329,145666,5.0
469,139710,4.0
469,137037,1.0
469,141268,4.0
469,141196,4.0
469,137420,5.0
1173,143498,5.0
1173,141492,5.0
1173,139679,4.0
1173,141024,5.0
1173,143042,4.0
1173,139247,4.0
1175,144366,5.0
1175,136177,5.0
1175,142806,5.0
1175,137101,5.0
1175,146638,5.0
1175,144798,5.0
1175,139141,5.0
1175,147711,5.0
825,146299,4.0
825,137951,4.0
825,144864,4.0
825,147105,4.0
825,136641,4.0
134,136557,5.0
134,144896,5.0
134,147892,5.0
134,147328,5.0
134,147026,5.0
134,146516,5.0
134,135824,5.0
134,143039,5.0
134,144021,4.0
134,144684,4.0
134,147821,3.0
134,142581,5.0
134,137032,4.0
134,147210,5.0
134,143500,5.0
134,138871,5.0
261,135793,5.0
261,137760,5.0
261,139107,5.0
261,143833,5.0
261,137179,5.0
752,145467,4.0
752,141420,3.0
752,147264,2.0
752,136148,5.0
752,137656,1.0
814,147660,5.0
814,145586,5.0
814,142863,5.0
814,146989,5.0
814,142096,5.0
814,146364,5.0
509,142795,4.0
509,147641,4.0
509,144885,4.0
509,134816,4.0
509,139103,4.0
509,147343,4.0
509,136897,4.0
509,138272,5.0
509,143828,5.0
509,146358,3.0
509,139210,4.0
509,137530,2.0
509,147431,3.0
148,140426,5.0
148,135823,5.0
148,145328,5.0
148,136076,5.0
148,142519,5.0
148,137961,5.0
148,141974,5.0
148,139719,4.0
148,140339,5.0
148,137906,5.0
148,136219,5.0
148,145979,5.0
148,142644,5.0
148,142142,5.0
148,140419,4.0
148,136228,5.0
148,146174,5.0
148,137056,3.0
148,147077,5.0
148,146684,5.0
148,139800,4.0
148,147011,5.0
148,139400,5.0
148,136064,5.0
148,140882,5.0
148,137239,4.0
148,137075,5.0
148,145813,4.0
148,136361,5.0
148,144306,5.0
148,136742,5.0
148,144888,4.0
148,143080,4.0
863,142453,4.0
863,146671,4.0
863,143634,5.0
863,147579,5.0
863,140849,5.0
863,138750,5.0
863,136139,5.0
863,143668,5.0
863,137439,5.0
863,147901,4.0
863,141300,5.0
863,136012,5.0
863,137787,4.0
863,139746,5.0
863,147204,4.0
863,141940,5.0
863,147145,5.0
863,135138,5.0
863,144478,4.0
863,140878,5.0
863,137234,5.0
863,141793,5.0
863,146061,5.0
863,136564,5.0
863,146882,5.0
863,138615,5.0
863,141903,5.0
863,135780,3.0
863,147430,5.0
863,142347,5.0
863,144397,5.0
863,135197,5.0
863,143490,4.0
863,138275,5.0
195,141474,5.0
195,145100,5.0
195,143616,5.0
195,141845,5.0
195,137775,5.0
195,146841,5.0
195,147317,5.0
195,146274,5.0
195,135087,5.0
1148,145941,5.0
1148,138367,5.0
1148,141637,2.0
1148,142866,5.0
1148,146964,4.0
1148,137104,4.0
1148,145282,4.0
1148,144348,5.0
1148,144212,5.0
1148,146075,4.0
1148,146833,4.0
1148,142754,4.0
1148,139523,1.0
1148,136309,5.0
1148,141000,4.0
1148,135843,5.0
1148,141151,5.0
1148,146714,3.0
1148,140881,4.0
1148,142748,5.0
1148,144582,5.0
1148,138323,5.0
1148,135185,5.0
1148,147440,1.0
1148,142256,3.0
1148,135664,5.0
1148,144547,5.0
1148,135038,4.0
1148,143485,5.0
1148,145133,5.0
1148,139360,3.0
1148,147495,5.0
1148,138040,4.0
1148,146674,5.0
1148,135557,5.0
1148,135856,5.0
1148,141371,4.0
1148,137894,5.0
1148,138629,5.0
1148,138805,4.0
1148,135360,5.0
1148,137067,5.0
1148,140464,1.0
1087,147121,3.0
1087,136659,5.0
1087,146495,4.0
1087,145913,4.0
1087,142667,5.0
1087,147078,5.0
1087,141731,5.0
1087,135201,5.0
1087,143635,5.0
1087,144503,5.0
1087,136353,5.0
919,139241,5.0
919,139384,2.0
919,135181,4.0
919,144850,3.0
919,140272,3.0
919,147881,4.0
919,142857,3.0
919,146425,5.0
919,146484,4.0
919,146520,3.0
919,138820,2.0
919,145391,5.0
919,139915,1.0
919,136852,3.0
919,137188,3.0
919,147724,4.0
919,138764,5.0
919,142869,2.0
919,136259,5.0
919,143907,2.0
919,140792,5.0
919,146032,3.0
919,143446,5.0
919,145849,5.0
919,143750,5.0
919,146321,1.0
919,142885,2.0
919,146955,4.0
919,137612,4.0
919,143991,5.0
919,143002,5.0
919,145421,4.0
919,143971,4.0
919,135451,4.0
919,143686,5.0
919,142618,4.0
919,142927,5.0
919,138474,3.0
919,145499,3.0
919,141368,5.0
919,145304,5.0
919,144005,4.0
919,140158,3.0
919,147185,5.0
919,141402,4.0
919,146503,3.0
919,142116,5.0
919,143188,3.0
919,143132,3.0
919,139049,5.0
919,137869,2.0
919,145001,4.0
919,140129,5.0
919,141165,5.0
919,146587,5.0
919,147067,5.0
919,145220,2.0
919,145566,3.0
919,142497,3.0
919,146542,3.0
919,139996,3.0
919,136352,5.0
919,137395,4.0
919,138921,3.0
919,137334,5.0
919,147672,4.0
919,140837,3.0
919,140737,5.0
919,144576,3.0
919,137131,3.0
919,143348,3.0
919,145562,3.0
919,145230,4.0
919,137209,2.0
919,142959,5.0
919,146279,4.0
919,137073,4.0
919,137663,4.0
919,146143,4.0
919,143775,5.0
919,141787,5.0
919,137595,5.0
919,144671,3.0
919,138993,3.0
919,146588,4.0
919,143909,4.0
919,147410,5.0
919,145629,4.0
919,144259,5.0
919,139068,5.0
919,142564,4.0
919,141013,5.0
919,147562,3.0
919,139544,2.0
919,137777,5.0
919,137549,5.0
919,146545,3.0
919,146565,2.0
919,140507,5.0
919,135314,2.0
919,136014,2.0
919,144852,5.0
919,139286,5.0
919,140554,5.0
919,139617,5.0
919,137189,5.0
919,135774,3.0
919,135839,5.0
919,139907,4.0
919,145730,4.0
919,143954,3.0
919,145377,3.0
919,142390,3.0
919,144008,4.0
919,146767,5.0
919,144956,5.0
919,141717,4.0
919,140421,5.0
919,145759,4.0
919,147696,5.0
919,145798,5.0
919,143381,3.0
919,134853,3.0
919,145978,5.0
919,142956,4.0
919,146416,5.0
919,146665,5.0
919,135092,5.0
919,145973,4.0
919,138488,5.0
919,134839,1.0
919,139554,5.0
919,144090,2.0
919,145507,3.0
919,144880,3.0
919,145402,3.0
621,140773,5.0
621,137855,5.0
621,139053,4.0
621,138737,2.0
621,140361,4.0
406,147804,5.0
406,135307,5.0
406,147385,5.0
406,136487,5.0
406,144877,5.0
406,142902,5.0
406,144276,5.0
406,141440,5.0
406,145074,5.0
406,139132,5.0
406,146570,5.0
406,145852,5.0
406,140801,5.0
406,137454,5.0
406,147471,5.0
406,145963,5.0
406,147524,5.0
406,138318,5.0
406,141206,5.0
406,146723,5.0
406,146531,5.0
406,145507,5.0
406,135397,5.0
406,142970,5.0
1221,143239,5.0
1221,140976,5.0
1221,147035,5.0
1221,141115,5.0
1221,147020,5.0
1184,136652,5.0
1184,140687,5.0
1184,146000,5.0
1184,140251,5.0
1184,135634,5.0
1184,137486,5.0
1184,138574,5.0
1184,142495,5.0
1184,147853,5.0
1184,136664,5.0
1184,136731,5.0
1184,136562,5.0
1184,137983,5.0
1184,139389,5.0
1184,146216,5.0
1184,139435,5.0
1184,147292,5.0
1184,147588,5.0
1184,139630,5.0
1184,141052,5.0
1184,142451,5.0
1184,135807,5.0
425,137921,5.0
425,147773,5.0
425,140747,5.0
425,142589,5.0
425,135518,5.0
425,144131,5.0
425,145826,5.0
425,139901,5.0
425,142796,5.0
425,135797,5.0
425,140427,5.0
1014,145966,5.0
1014,138402,5.0
1014,144437,5.0
1014,136336,5.0
1014,143638,5.0
908,146241,5.0
908,141633,5.0
908,147796,5.0
908,147516,5.0
908,139302,5.0
747,145248,2.0
747,147378,5.0
747,142296,2.0
747,138840,5.0
747,143307,3.0
845,135428,4.0
845,141904,5.0
845,139533,5.0
845,143082,5.0
845,144384,4.0
845,145884,4.0
845,145787,4.0
845,144569,4.0
845,145651,5.0
845,139671,4.0
845,142553,4.0
845,145440,5.0
845,139650,4.0
845,144469,3.0
738,144609,5.0
738,139460,5.0
738,142916,5.0
738,136028,5.0
738,139810,5.0
738,138164,5.0
738,137984,1.0
738,146873,5.0
738,145967,5.0
738,139602,5.0
738,134963,5.0
738,138701,5.0
738,143740,5.0
738,140526,5.0
37,138513,5.0
37,142852,5.0
37,135412,5.0
37,147061,5.0
37,140334,5.0
37,134820,5.0
37,141837,5.0
37,138542,5.0
37,147158,5.0
37,138479,5.0
37,145205,5.0
37,135750,5.0
37,139913,5.0
534,146930,4.0
534,146930,4.0
534,146930,4.0
534,146930,4.0
534,146930,4.0
534,146930,4.0
1247,140646,3.0
1247,139077,1.0
1247,144788,5.0
1247,139364,5.0
1247,135161,1.0
1247,140646,3.0
1247,139077,1.0
1247,144788,5.0
1247,139364,5.0
1247,135161,1.0
390,136488,5.0
390,140747,5.0
390,146283,3.0
390,143940,5.0
390,143861,5.0
177,138208,5.0
177,140029,5.0
177,134875,5.0
177,142752,5.0
177,135471,5.0
177,142944,5.0
177,139104,5.0
177,139750,5.0
177,140904,5.0
177,139416,5.0
177,137767,5.0
177,144837,5.0
177,135163,5.0
177,137029,5.0
177,147898,5.0
177,134892,5.0
177,142006,5.0
177,146019,5.0
177,142229,5.0
177,141333,2.0
1211,139550,5.0
1211,143305,5.0
1211,135537,5.0
1211,142668,4.0
1211,136233,5.0
900,145386,5.0
900,138530,5.0
900,146392,5.0
900,138862,5.0
900,144078,4.0
900,134962,4.0
900,143220,4.0
1328,141533,5.0
1328,138138,5.0
1328,136780,4.0
1328,146731,4.0
1328,147590,5.0
1328,146863,5.0
1328,141251,4.0
1328,141455,5.0
1328,140024,5.0
1328,136900,5.0
1328,137604,5.0
1328,147025,5.0
1032,143561,5.0
1032,142982,5.0
1032,143471,5.0
1032,143792,5.0
1032,145604,4.0
1032,136167,5.0
1032,146439,4.0
1032,143627,4.0
1032,140350,5.0
1032,137846,5.0
1032,145004,5.0
1032,136616,4.0
556,138183,5.0
556,145601,4.0
556,143282,3.0
556,135632,5.0
556,139085,4.0
546,145861,5.0
546,136604,5.0
546,142067,5.0
546,138952,5.0
546,147256,5.0
546,139763,5.0
546,137514,5.0
546,135328,5.0
546,134891,5.0
1033,145426,5.0
1033,137259,5.0
1033,136406,5.0
1033,142641,5.0
1033,140041,5.0
1033,144483,5.0
1033,144623,4.0
1033,146601,5.0
1033,139232,5.0
1033,145143,5.0
1033,145321,5.0
1033,142015,5.0
1033,142926,5.0
64,145606,3.0
64,146626,3.0
64,145336,5.0
64,136861,5.0
64,145677,5.0
1115,136107,5.0
1115,138917,5.0
1115,138798,5.0
1115,138883,5.0
1115,142449,5.0
1115,137058,5.0
1115,136107,5.0
1115,138917,5.0
1115,138798,5.0
1115,138883,5.0
1115,142449,5.0
1115,137058,5.0
1327,145110,5.0
1327,140615,5.0
1327,143970,5.0
1327,144118,5.0
1327,140967,5.0
1327,135135,5.0
1327,146222,5.0
1327,147631,5.0
1327,135015,5.0
887,142199,5.0
887,147492,5.0
887,135253,5.0
887,137657,5.0
887,142201,5.0
887,136285,5.0
887,146204,5.0
887,144413,5.0
887,144719,5.0
887,142185,5.0
1199,135235,5.0
1199,135818,5.0
1199,138833,5.0
1199,136461,5.0
1199,142089,5.0
15,141866,5.0
15,135775,5.0
15,147645,5.0
15,141928,5.0
15,140005,5.0
15,136137,1.0
888,134880,5.0
888,144196,3.0
888,138822,5.0
888,140212,3.0
888,135271,5.0
888,137537,3.0
888,141524,2.0
536,138914,5.0
536,135144,4.0
536,145578,4.0
536,142943,5.0
536,137544,5.0
536,137030,5.0
536,146206,4.0
536,147194,4.0
536,145879,5.0
536,138408,4.0
536,136751,4.0
649,146035,5.0
649,147348,5.0
649,144828,5.0
649,144959,5.0
649,146800,5.0
649,138799,5.0
649,138816,5.0
649,139306,5.0
649,139914,5.0
816,145509,5.0
816,138975,5.0
816,143561,5.0
816,140242,5.0
816,147845,5.0
1293,145106,5.0
1293,137458,5.0
1293,138232,5.0
1293,136102,5.0
1293,135345,5.0
1293,143067,5.0
310,136257,5.0
310,135960,4.0
310,146035,5.0
310,144026,5.0
310,147837,5.0
310,141365,5.0
729,143684,4.0
729,136944,5.0
729,136490,5.0
729,135276,5.0
729,146325,5.0
729,147009,4.0
729,136052,5.0
729,143075,4.0
729,138411,4.0
729,137478,5.0
729,137871,5.0
729,136619,4.0
729,139304,5.0
729,141962,5.0
729,147080,4.0
729,144408,4.0
729,144622,4.0
729,143358,4.0
729,138945,4.0
729,140734,5.0
729,138462,2.0
729,135784,4.0
729,137819,4.0
729,136736,4.0
729,135804,5.0
729,142899,4.0
729,146857,5.0
729,141030,4.0
939,142291,5.0
939,144167,5.0
939,136381,5.0
939,142339,5.0
939,139597,5.0
699,147565,5.0
699,145237,5.0
699,137865,2.0
699,136171,4.0
699,146739,3.0
699,136936,4.0
699,144970,4.0
699,143377,4.0
699,143690,5.0
699,137140,2.0
699,141933,3.0
699,140051,3.0
699,143996,5.0
828,136179,5.0
828,137920,5.0
828,147920,5.0
828,138000,5.0
828,140586,5.0
828,138978,5.0
828,144425,5.0
828,138249,4.0
828,136185,4.0
828,138423,5.0
828,145386,5.0
828,143403,5.0
828,141767,5.0
828,135652,5.0
828,136730,5.0
828,141661,5.0
828,143177,5.0
161,143944,5.0
161,141349,1.0
161,144604,3.0
161,144142,4.0
161,142552,5.0
161,143646,4.0
161,147636,3.0
161,139450,5.0
161,139310,3.0
161,144316,4.0
161,145294,5.0
161,135930,4.0
169,140824,5.0
169,142781,5.0
169,146946,5.0
169,139211,5.0
169,140827,5.0
169,139134,5.0
169,141419,5.0
169,144845,5.0
169,138260,5.0
1000,136688,5.0
1000,142209,5.0
1000,141592,4.0
1000,146575,3.0
1000,145742,3.0
1000,143103,2.0
1000,135950,4.0
1000,135830,3.0
367,140793,5.0
367,134825,5.0
367,141602,5.0
367,144006,5.0
367,137770,5.0
636,140327,5.0
636,147582,5.0
636,146558,5.0
636,140835,5.0
636,147290,4.0
636,140710,5.0
636,143698,5.0
636,143554,4.0
918,139468,1.0
918,143657,3.0
918,139701,4.0
918,147371,5.0
918,139167,1.0
1188,144158,5.0
1188,142113,2.0
1188,141776,5.0
1188,145952,5.0
1188,139379,5.0
1188,143250,5.0
1188,137583,5.0
1188,139350,5.0
1188,146129,5.0
1188,135425,5.0
1188,136096,5.0
1188,144201,5.0
1188,145442,4.0
1188,136808,5.0
1188,141464,4.0
1188,144742,5.0
1188,145238,5.0
1188,135816,5.0
1188,135591,4.0
1188,141638,5.0
1188,137769,5.0
801,141942,5.0
801,135187,5.0
801,135595,5.0
801,146473,5.0
801,139940,5.0
392,146700,4.0
392,139963,4.0
392,143145,5.0
392,142711,4.0
392,145272,5.0
392,146915,5.0
392,141085,4.0
392,135589,5.0
392,145149,4.0
392,144847,5.0
392,139785,4.0
713,138152,5.0
713,143189,5.0
713,140429,5.0
713,141973,5.0
713,139706,5.0
363,146363,5.0
363,147132,5.0
363,143983,5.0
363,147413,5.0
363,136286,5.0
363,136314,5.0
363,138068,5.0
363,147921,5.0
363,141672,5.0
363,142691,5.0
363,144074,5.0
363,140366,5.0
363,146971,5.0
363,141794,5.0
363,140731,5.0
363,142284,5.0
363,145736,5.0
363,142706,5.0
363,135315,5.0
363,144038,5.0
363,143013,5.0
363,134929,5.0
363,139586,5.0
363,144999,5.0
758,138645,5.0
758,143276,4.0
758,144451,4.0
758,138203,2.0
758,142953,1.0
758,143549,5.0
758,144912,4.0
267,146334,4.0
267,139328,5.0
267,145808,4.0
267,139556,3.0
267,136963,5.0
267,140274,5.0
389,144732,5.0
389,135672,5.0
389,135826,5.0
389,142009,5.0
389,135082,5.0
389,140647,5.0
1265,137198,5.0
1265,136378,5.0
1265,140823,5.0
1265,141953,5.0
1265,144063,4.0
1265,141480,5.0
1265,142603,5.0
1265,138991,5.0
1265,143064,5.0
1265,143541,5.0
1265,141635,4.0
1265,138565,4.0
1265,147394,5.0
1265,138761,5.0
1265,141101,4.0
750,139020,1.0
750,144574,4.0
750,142508,5.0
750,141886,5.0
750,147647,3.0
270,142678,4.0
270,139625,4.0
270,138995,4.0
270,143812,4.0
270,138445,4.0
270,141433,4.0
270,139744,4.0
270,142186,4.0
270,135907,4.0
270,138287,4.0
270,146592,4.0
208,146009,5.0
208,138265,5.0
208,137133,5.0
208,137096,2.0
208,140811,3.0
968,144568,5.0
968,141556,5.0
968,145034,1.0
968,145625,5.0
968,139787,5.0
968,144942,5.0
1315,136414,5.0
1315,141304,5.0
1315,143035,5.0
1315,135529,5.0
1315,147542,5.0
1315,143120,5.0
1315,142651,5.0
1315,144060,5.0
1315,137931,5.0
1315,142150,5.0
1315,145209,5.0
1315,140209,5.0
1315,137623,5.0
1315,139807,5.0
1315,143262,5.0
1315,136559,5.0
1315,138124,5.0
1315,139680,5.0
1315,142417,5.0
1315,135323,5.0
1315,139574,5.0
1315,135148,5.0
1315,136773,5.0
1315,138377,5.0
1315,141475,5.0
1315,142078,5.0
1315,145803,5.0
1315,147762,5.0
1315,139993,5.0
1315,145545,5.0
1315,136667,5.0
1315,141654,5.0
1315,145500,5.0
1315,143280,5.0
1315,139424,5.0
1315,146286,5.0
1315,140010,5.0
1315,143077,5.0
1315,142704,5.0
1315,137157,5.0
1315,137899,5.0
1315,141683,5.0
1315,138198,5.0
1315,143864,5.0
1315,147547,5.0
1315,137112,5.0
1315,146065,5.0
1315,136565,5.0
1315,139580,5.0
1315,137810,5.0
1315,145582,5.0
1315,140558,5.0
1315,136131,5.0
1315,137786,5.0
1315,140028,5.0
1315,147690,5.0
1315,141314,5.0
1315,141098,5.0
1315,141258,5.0
1315,135545,5.0
1315,145502,5.0
1315,138885,5.0
1315,141881,5.0
1315,136099,5.0
320,141572,4.0
320,147441,4.0
320,138439,4.0
320,146742,4.0
320,140627,3.0
320,146331,5.0
320,134882,5.0
320,135110,5.0
320,145441,3.0
320,143020,5.0
320,134872,4.0
320,141358,5.0
320,142474,5.0
320,138288,5.0
1285,143621,5.0
1285,135939,5.0
1285,138774,5.0
1285,137555,4.0
1285,136374,5.0
198,146830,5.0
198,147126,5.0
198,138141,5.0
198,135790,5.0
198,142136,5.0
198,135946,5.0
198,146374,5.0
198,134951,5.0
198,135506,5.0
198,137788,5.0
198,142840,5.0
198,144655,5.0
198,145128,5.0
133,142686,2.0
133,139482,4.0
133,147679,4.0
133,143155,1.0
133,142242,5.0
133,143289,4.0
133,140305,5.0
771,145187,5.0
771,142148,5.0
771,142046,5.0
771,136354,5.0
771,146699,5.0
771,136101,5.0
771,141750,5.0
771,144869,5.0
771,137515,3.0
771,139852,4.0
771,146997,4.0
771,139242,5.0
771,134918,4.0
771,144317,4.0
548,140705,5.0
548,147716,5.0
548,146173,5.0
548,147564,5.0
548,145938,5.0
548,144263,5.0
548,135727,5.0
666,136247,5.0
666,147866,5.0
666,141291,5.0
666,146892,1.0
666,137348,5.0
776,141065,5.0
776,147602,3.0
776,143772,5.0
776,139547,5.0
776,140539,5.0
776,135791,1.0
903,135817,5.0
903,137719,5.0
903,143439,5.0
903,147671,5.0
903,136255,5.0
1,147397,5.0
1,141234,5.0
1,145616,5.0
1,147190,5.0
1,138882,4.0
1,137258,5.0
1,140536,5.0
1,135846,5.0
1,144458,5.0
1,141275,5.0
1,134857,5.0
1,139052,5.0
1,142671,5.0
1,145035,5.0
1,138213,5.0
1,136367,5.0
1,146352,5.0
1,145495,5.0
1,144460,5.0
1,143516,5.0
1,147195,5.0
1,146259,5.0
1,137287,5.0
1,137087,5.0
1,136053,5.0
1,138482,5.0
1,145800,5.0
1,147056,5.0
1,139892,5.0
1,140328,5.0
1,140135,5.0
1,137417,5.0
48,141936,5.0
48,146511,5.0
48,141384,5.0
48,139567,4.0
48,138580,5.0
48,145607,3.0
48,143734,5.0
48,141737,5.0
48,139039,5.0
503,147753,5.0
503,138664,5.0
503,142601,5.0
503,135120,5.0
503,145128,5.0
503,144655,5.0
503,145650,5.0
503,139073,5.0
503,135946,5.0
821,140794,5.0
821,142239,5.0
821,146480,5.0
821,137963,5.0
821,144769,5.0
821,136690,5.0
821,147758,5.0
821,137396,5.0
821,145214,5.0
821,145049,5.0
821,142731,5.0
821,135204,5.0
821,139300,5.0
821,145158,5.0
821,144682,5.0
821,144857,5.0
821,134982,5.0
821,138576,5.0
821,144344,5.0
821,140990,5.0
821,147041,5.0
821,140532,5.0
821,140108,5.0
821,143702,5.0
821,146861,5.0
821,141667,5.0
821,140620,5.0
821,141092,5.0
821,145679,5.0
821,142705,5.0
821,142788,5.0
821,143937,5.0
821,145889,5.0
821,142948,5.0
821,135597,5.0
821,138499,5.0
821,136403,5.0
821,138949,5.0
821,137412,5.0
821,147186,5.0
821,141987,5.0
821,141868,5.0
821,142695,5.0
821,140994,5.0
821,142904,5.0
821,146261,5.0
821,141403,5.0
821,145449,5.0
631,144385,3.0
631,135046,5.0
631,139898,5.0
631,134936,4.0
631,139114,4.0
631,138470,4.0
631,146970,4.0
631,142151,4.0
631,146627,4.0
631,139499,5.0
631,138618,5.0
631,138271,3.0
631,138322,5.0
541,142975,5.0
541,144073,5.0
541,139987,5.0
541,138165,5.0
541,144452,5.0
541,145370,5.0
541,137186,5.0
541,147167,5.0
541,140911,5.0
867,135244,5.0
867,135291,5.0
867,145184,5.0
867,137929,5.0
867,140670,5.0
867,141979,5.0
867,146496,5.0
149,135340,4.0
149,137815,2.0
149,141783,5.0
149,136880,5.0
149,137837,5.0
149,136098,5.0
149,147235,3.0
614,135142,5.0
614,141645,5.0
614,138053,5.0
614,144435,5.0
614,141700,5.0
614,141505,5.0
614,141848,5.0
614,135606,5.0
614,145696,5.0
614,139726,4.0
614,146550,5.0
614,146403,5.0
614,144488,5.0
614,136120,4.0
614,137335,5.0
614,135584,5.0
614,135495,5.0
614,135499,5.0
614,135734,5.0
614,144894,5.0
614,135149,4.0
614,139125,5.0
614,135876,5.0
614,142818,4.0
614,147445,5.0
614,147232,5.0
614,144566,5.0
614,147877,5.0
343,145331,5.0
343,141834,4.0
343,138095,1.0
343,144017,4.0
343,142548,5.0
343,143837,5.0
343,138968,4.0
1047,136344,2.0
1047,137930,5.0
1047,147648,4.0
1047,146198,4.0
1047,142538,2.0
125,137909,5.0
125,140529,3.0
125,146985,5.0
125,138590,4.0
125,146260,4.0
125,134898,4.0
1079,145637,5.0
1079,142607,5.0
1079,138567,5.0
1079,140011,5.0
1079,144966,5.0
36,137619,5.0
36,137374,5.0
36,146842,5.0
36,147156,5.0
36,143121,5.0
927,139417,5.0
927,135905,5.0
927,139419,5.0
927,145914,5.0
927,138348,5.0
927,138363,5.0
927,139082,5.0
588,144977,5.0
588,146427,5.0
588,147248,5.0
588,147854,5.0
588,139423,5.0
588,144926,5.0
588,144230,5.0
1007,136084,1.0
1007,141035,3.0
1007,145809,5.0
1007,136857,5.0
1007,146470,5.0
1007,145186,1.0
1135,141898,4.0
1135,140346,1.0
1135,139016,5.0
1135,136685,5.0
1135,141083,4.0
1135,139422,3.0
1135,143721,4.0
1135,144085,4.0
1135,146888,4.0
1135,143036,5.0
42,146445,5.0
42,134819,5.0
42,147744,5.0
42,135365,5.0
42,143588,5.0
42,134919,5.0
800,139308,4.0
800,147237,2.0
800,137685,5.0
800,138182,5.0
800,140635,5.0
800,136814,3.0
800,136661,4.0
800,142774,3.0
686,143011,5.0
686,141685,5.0
686,137730,5.0
686,135458,5.0
686,142924,5.0
686,144280,4.0
16,146729,5.0
16,146191,5.0
16,135833,5.0
16,140921,5.0
16,143195,5.0
16,140717,5.0
16,145599,5.0
16,145220,5.0
16,140132,5.0
16,144083,5.0
16,137833,5.0
16,136174,5.0
16,137901,5.0
16,142010,5.0
16,135498,5.0
574,142237,5.0
574,135711,5.0
574,137850,3.0
574,146492,5.0
574,140428,5.0
836,145603,5.0
836,141328,5.0
836,141639,5.0
836,140233,5.0
836,145827,5.0
836,141696,5.0
836,145699,5.0
836,136537,5.0
836,136009,5.0
836,144607,5.0
836,147842,5.0
836,136276,5.0
836,140416,5.0
836,138360,5.0
836,142266,5.0
836,139254,5.0
836,137556,5.0
639,140054,5.0
639,147568,5.0
639,145956,5.0
639,138109,5.0
639,135406,5.0
639,139768,5.0
639,147108,5.0
639,138549,2.0
639,135359,5.0
44,143525,5.0
44,147873,5.0
44,141772,5.0
44,136446,5.0
44,146639,3.0
430,140175,5.0
430,137620,5.0
430,137227,5.0
430,135898,5.0
430,140388,4.0
430,147494,5.0
948,145410,4.0
948,143397,5.0
948,137633,1.0
948,139474,3.0
948,146285,3.0
948,140928,4.0
948,135383,5.0
948,147307,5.0
948,135350,5.0
948,135952,5.0
948,145608,5.0
948,138045,5.0
948,136356,5.0
1051,144127,5.0
1051,141547,5.0
1051,141563,5.0
1051,143784,5.0
1051,146938,5.0
24,136434,5.0
24,143271,4.0
24,143856,5.0
24,144816,5.0
24,137693,5.0
428,136425,5.0
428,147452,5.0
428,146975,5.0
428,147727,5.0
428,136028,3.0
428,137684,3.0
428,136840,5.0
428,137749,5.0
428,145721,5.0
428,146806,5.0
1208,135868,5.0
1208,137047,5.0
1208,143948,5.0
1208,137968,5.0
1208,137969,5.0
1208,138544,5.0
1208,140415,5.0
1208,135442,5.0
1308,138382,4.0
1308,137665,5.0
1308,139257,4.0
1308,145998,3.0
1308,136949,5.0
1308,140223,5.0
1308,140521,3.0
1308,139446,4.0
1308,144763,5.0
1308,137294,2.0
1067,146030,4.0
1067,143282,4.0
1067,143307,4.0
1067,135684,4.0
1067,138322,5.0
386,143879,5.0
386,145792,5.0
386,138118,5.0
386,140718,5.0
386,139557,5.0
386,142870,5.0
386,136485,5.0
386,139817,5.0
18,142215,4.0
18,142079,5.0
18,138502,5.0
18,134905,5.0
18,145663,5.0
18,135766,5.0
18,136082,5.0
18,136960,5.0
18,144162,5.0
18,138601,5.0
18,144902,5.0
18,146122,5.0
45,146994,4.0
45,144075,5.0
45,136385,4.0
45,140780,2.0
45,137009,4.0
45,146707,5.0
45,135598,5.0
45,134940,5.0
45,135177,5.0
45,139844,3.0
45,142053,3.0
45,140376,5.0
45,138345,3.0
45,144940,3.0
45,137353,4.0
45,144737,3.0
45,144812,3.0
45,142823,5.0
45,137696,5.0
45,147004,5.0
45,146617,5.0
45,137401,5.0
45,145664,5.0
45,135435,4.0
45,144091,4.0
45,141990,4.0
45,146094,5.0
45,141481,5.0
45,141086,5.0
45,146993,5.0
45,135477,5.0
45,145515,3.0
45,143555,3.0
45,147617,3.0
45,138751,3.0
45,141161,4.0
45,138908,4.0
45,136804,4.0
45,146913,4.0
45,147591,3.0
45,141398,3.0
45,139279,3.0
45,138214,5.0
710,139206,5.0
710,144689,5.0
710,140884,5.0
710,136709,5.0
710,136168,5.0
710,143917,5.0
710,145524,4.0
710,137312,3.0
383,139259,5.0
383,135569,5.0
383,135187,5.0
383,137453,5.0
383,135562,5.0
1249,137767,5.0
1249,139750,5.0
1249,136319,5.0
1249,136958,5.0
1249,135163,5.0
1249,140029,5.0
1249,140713,5.0
1249,143476,5.0
1249,137528,5.0
1249,141432,5.0
1249,137594,5.0
1249,136924,5.0
1249,147515,5.0
1249,145534,5.0
1249,144836,5.0
1249,143617,5.0
1249,144003,5.0
1249,147614,5.0
1249,140524,5.0
1249,139225,5.0
1249,143391,5.0
1249,141768,5.0
1249,138924,5.0
1249,137304,5.0
1249,137186,5.0
1249,145150,5.0
1249,143291,5.0
1249,147167,5.0
1249,137817,5.0
1249,144855,5.0
1249,136036,5.0
1249,140959,5.0
1249,145000,5.0
1249,135372,5.0
1249,140970,5.0
1249,145496,5.0
1249,145090,5.0
1249,135715,5.0
1249,137467,5.0
1249,137480,5.0
1249,141915,5.0
1249,143440,5.0
1249,143628,5.0
1249,136300,5.0
1249,139858,5.0
1249,143112,5.0
1249,144010,5.0
150,145215,2.0
150,142543,4.0
150,143313,5.0
150,136199,2.0
150,144542,5.0
150,145522,3.0
150,137699,5.0
185,145750,5.0
185,135638,4.0
185,139115,5.0
185,142379,5.0
185,146230,5.0
185,138269,5.0
185,137750,4.0
185,140218,5.0
185,145138,4.0
185,137407,5.0
185,144871,4.0
185,134930,4.0
185,137489,4.0
185,147879,4.0
185,145756,5.0
185,134823,4.0
185,145984,5.0
185,145639,5.0
185,137557,5.0
185,141568,4.0
185,137826,5.0
185,142181,4.0
185,139532,5.0
185,136813,5.0
185,146502,4.0
185,147478,4.0
185,139638,4.0
185,141457,4.0
185,141559,3.0
185,141529,3.0
185,135732,4.0
185,141585,4.0
185,137482,3.0
185,146328,3.0
185,143470,5.0
185,147781,5.0
185,144173,5.0
185,141919,5.0
185,142873,4.0
1197,135559,5.0
1197,139184,5.0
1197,137008,5.0
1197,144473,4.0
1197,143964,5.0
1197,142091,2.0
1197,146840,5.0
1197,134866,5.0
1197,138187,5.0
1197,137187,5.0
1197,135639,5.0
183,146509,5.0
183,137205,5.0
183,137117,4.0
183,143371,5.0
183,142484,4.0
183,139268,4.0
183,145988,5.0
1178,145687,5.0
1178,135364,3.0
1178,142580,3.0
1178,141861,4.0
1178,144321,4.0
1178,141327,4.0
1178,146980,4.0
1178,146554,4.0
1178,142703,4.0
1178,136303,5.0
1178,138128,4.0
1178,146850,5.0
1178,147388,4.0
1178,143884,4.0
1178,138801,4.0
1178,144550,4.0
1178,141408,4.0
1178,142456,4.0
1178,138007,4.0
1178,143712,4.0
1178,139991,4.0
1178,141640,3.0
1178,147405,4.0
1178,137704,4.0
1178,144155,4.0
1178,136037,3.0
1178,144187,3.0
1178,135938,4.0
1178,145923,4.0
1178,142431,5.0
1178,143664,4.0
1178,139409,5.0
1178,147506,4.0
1178,140188,3.0
1178,142760,4.0
1178,147888,4.0
1178,146779,4.0
1178,138219,4.0
1178,138523,4.0
644,147181,4.0
644,140258,4.0
644,147142,4.0
644,138236,4.0
644,145594,3.0
886,138763,4.0
886,147721,5.0
886,146472,4.0
886,147040,5.0
886,141540,3.0
886,139040,5.0
886,141257,5.0
886,144543,5.0
886,140383,5.0
886,144838,5.0
886,140763,5.0
886,142479,5.0
886,141922,4.0
886,142565,5.0
886,144343,4.0
886,140265,4.0
886,143689,5.0
886,142342,5.0
886,137420,5.0
886,136180,5.0
886,146477,5.0
886,146581,5.0
886,141519,4.0
886,145386,5.0
886,146304,5.0
886,143848,5.0
886,146262,5.0
886,146927,5.0
886,139478,5.0
886,141999,5.0
886,141386,5.0
886,147710,5.0
886,146692,5.0
886,138670,5.0
886,145861,5.0
886,143670,4.0
886,141813,5.0
886,135991,3.0
886,144801,4.0
886,136867,5.0
886,145862,5.0
886,145227,5.0
886,139099,4.0
886,144536,5.0
886,138414,4.0
886,138357,3.0
886,137172,4.0
886,145056,5.0
886,143542,5.0
886,135853,5.0
886,136604,5.0
886,138956,5.0
737,141055,5.0
737,135116,5.0
737,146717,5.0
737,134892,5.0
737,135163,5.0
322,146546,5.0
322,139645,5.0
322,139570,5.0
322,145588,5.0
322,138056,5.0
322,145091,5.0
523,135665,5.0
523,144136,5.0
523,138200,5.0
523,137592,5.0
523,144616,5.0
523,140956,5.0
523,146111,5.0
1206,147611,5.0
1206,139126,5.0
1206,146948,5.0
1206,145372,5.0
1206,139121,5.0
643,141436,5.0
643,144778,4.0
643,139762,2.0
643,141909,5.0
643,138875,3.0
1338,136783,2.0
1338,146499,5.0
1338,135346,1.0
1338,137609,5.0
1338,135601,3.0
1338,135460,2.0
1338,136630,2.0
1338,141145,5.0
1338,145234,5.0
1338,144897,5.0
1338,136600,5.0
1338,138552,5.0
1338,136376,5.0
1166,136935,5.0
1166,136282,5.0
1166,136224,5.0
1166,147287,4.0
1166,136538,5.0
1166,140362,5.0
1166,137725,5.0
1166,134941,5.0
1166,142839,5.0
1166,143272,5.0
999,147623,5.0
999,145665,5.0
999,135832,5.0
999,135643,5.0
999,143640,5.0
999,137874,5.0
999,147335,5.0
999,140474,5.0
258,136444,5.0
258,140433,5.0
258,141379,5.0
258,146905,5.0
258,136754,4.0
711,140709,4.0
711,140137,5.0
711,135281,5.0
711,146070,3.0
711,135858,5.0
711,143903,5.0
711,146235,5.0
711,136627,5.0
1078,138819,5.0
1078,135430,5.0
1078,137139,5.0
1078,137298,5.0
1078,139738,5.0
385,140072,4.0
385,140332,5.0
385,139219,5.0
385,143364,4.0
385,135687,5.0
460,143236,5.0
460,137015,5.0
460,144846,3.0
460,137636,4.0
460,136961,5.0
460,140777,3.0
460,147933,4.0
460,145681,5.0
460,138626,5.0
460,143851,4.0
460,134924,5.0
365,144058,5.0
365,139318,5.0
365,144209,5.0
365,142492,5.0
365,144222,5.0
365,145005,5.0
365,143810,5.0
365,144419,5.0
365,138727,5.0
365,135094,5.0
365,136750,5.0
761,141817,5.0
761,141545,5.0
761,139320,5.0
761,141026,5.0
761,146057,5.0
761,143805,5.0
761,142643,5.0
46,146602,5.0
46,143428,5.0
46,136093,5.0
46,140492,5.0
46,141318,4.0
46,147791,4.0
1158,140357,5.0
1158,146956,5.0
1158,145406,5.0
1158,135226,5.0
1158,140814,5.0
1258,140746,5.0
1258,137065,4.0
1258,138844,5.0
1258,147575,5.0
1258,147206,5.0
1258,141562,2.0
1319,145595,5.0
1319,137325,5.0
1319,143994,5.0
1319,142838,5.0
1319,137343,5.0
1319,142473,4.0
571,141141,5.0
571,137798,5.0
571,140508,5.0
571,137089,4.0
571,145256,5.0
571,136506,5.0
571,140075,5.0
571,136662,5.0
571,135444,5.0
571,145547,5.0
571,140228,5.0
571,135090,5.0
571,142490,5.0
571,144013,5.0
571,145767,5.0
571,146880,4.0
571,143644,5.0
571,144739,4.0
571,143369,5.0
571,143379,4.0
571,137797,5.0
571,144248,5.0
571,139130,5.0
571,147820,3.0
571,135010,5.0
571,147297,5.0
571,138440,4.0
571,136370,4.0
571,142877,3.0
571,139269,5.0
571,146232,5.0
571,145538,5.0
571,141790,3.0
571,141690,4.0
571,147311,3.0
571,146314,5.0
571,139471,4.0
571,143383,4.0
571,147455,4.0
571,144531,4.0
571,144923,5.0
571,145326,5.0
571,137283,5.0
571,135914,5.0
571,135671,4.0
571,142174,4.0
571,135393,5.0
571,138772,4.0
571,137548,3.0
571,146069,5.0
571,140600,4.0
571,138790,3.0
571,147352,5.0
571,146730,5.0
571,138679,4.0
571,146795,4.0
571,144657,5.0
571,135758,5.0
571,143840,5.0
571,137495,5.0
571,137175,5.0
571,141001,4.0
571,137491,5.0
571,140481,5.0
571,141341,3.0
571,147244,3.0
571,137485,4.0
571,140034,5.0
571,145451,4.0
571,147463,5.0
571,146836,5.0
571,145450,4.0
571,138139,5.0
571,147823,5.0
571,137907,5.0
958,141888,5.0
958,135782,4.0
958,136209,4.0
958,140497,3.0
958,135357,5.0
958,143941,5.0
958,147009,4.0
958,136775,5.0
811,137808,3.0
811,134973,2.0
811,136141,3.0
811,147238,2.0
811,137004,4.0
811,138169,3.0
271,140302,5.0
271,145339,5.0
271,144202,5.0
271,140390,5.0
271,145068,5.0
271,143933,5.0
955,144242,4.0
955,142898,5.0
955,140715,4.0
955,145801,5.0
955,141885,5.0
955,135955,5.0
955,136858,2.0
955,139693,5.0
455,138396,5.0
455,139900,3.0
455,136530,5.0
455,141466,5.0
455,139351,5.0
455,147818,5.0
455,145523,5.0
455,147415,5.0
455,144140,5.0
455,145088,5.0
232,138869,5.0
232,136025,5.0
232,142188,5.0
232,142269,5.0
232,139220,5.0
232,141926,5.0
232,143988,5.0
232,147549,5.0
232,142382,5.0
232,144392,4.0
232,137859,5.0
232,136372,5.0
232,139338,5.0
232,139681,5.0
232,144750,5.0
232,140417,5.0
232,137114,5.0
232,144448,5.0
232,143208,5.0
232,143315,4.0
232,139866,5.0
232,147028,5.0
232,146769,4.0
232,141549,5.0
232,138087,5.0
232,141516,5.0
232,138216,4.0
232,135342,5.0
232,141142,5.0
232,139974,5.0
232,140447,5.0
232,147404,5.0
232,135006,5.0
232,137027,5.0
232,146633,5.0
232,137337,5.0
232,135459,5.0
232,144498,5.0
232,145416,5.0
232,146101,4.0
232,139610,5.0
232,143152,5.0
232,139591,5.0
232,141260,5.0
232,137533,5.0
232,145084,4.0
232,147777,5.0
232,143867,5.0
232,145161,5.0
232,147278,5.0
232,143780,4.0
232,139522,4.0
232,138983,4.0
232,145400,5.0
232,135895,5.0
232,146600,4.0
232,139202,4.0
232,141425,4.0
232,144341,5.0
232,141412,5.0
232,141798,4.0
232,141451,5.0
232,134835,5.0
232,137518,5.0
232,143328,5.0
232,138429,5.0
232,135865,5.0
232,138860,5.0
232,139029,5.0
232,140221,5.0
1251,140002,5.0
1251,137827,5.0
1251,146041,5.0
1251,139227,5.0
1251,135586,5.0
716,139801,2.0
716,144947,5.0
716,142082,5.0
716,142918,5.0
716,136056,5.0
716,144873,3.0
716,135588,5.0
716,141673,5.0
716,139204,4.0
716,142003,5.0
716,134865,5.0
716,139808,5.0
716,143009,5.0
716,147918,5.0
716,147663,5.0
716,146200,5.0
350,137155,3.0
350,145269,1.0
350,143211,1.0
350,143299,4.0
350,139133,5.0
350,139357,4.0
350,138551,5.0
350,140211,5.0
350,144465,5.0
354,139193,5.0
354,147580,5.0
354,144020,5.0
354,140560,5.0
354,139607,5.0
354,137305,5.0
163,138364,5.0
163,147122,5.0
163,147523,5.0
163,146839,2.0
163,141335,4.0
680,137063,5.0
680,140745,5.0
680,138735,5.0
680,141036,5.0
680,139598,1.0
680,142713,1.0
680,140032,1.0
680,141937,5.0
680,140844,1.0
81,143093,4.0
81,146004,5.0
81,140325,5.0
81,143032,5.0
81,142633,5.0
81,139955,4.0
399,146258,5.0
399,140309,5.0
399,138954,5.0
399,137834,4.0
399,134921,3.0
399,145061,3.0
399,137206,4.0
399,137507,4.0
399,140712,4.0
399,146992,4.0
399,144562,5.0
399,140183,4.0
399,145368,4.0
399,138410,4.0
399,136465,4.0
399,143015,4.0
399,135067,4.0
399,143374,4.0
399,137709,4.0
1179,146269,5.0
1179,147908,5.0
1179,136800,5.0
1179,145170,5.0
1179,136146,5.0
1179,135358,2.0
1179,146269,5.0
1179,147908,5.0
1179,136800,5.0
1179,145170,5.0
1179,136146,5.0
1179,135358,2.0
842,144834,5.0
842,144489,5.0
842,142693,3.0
842,145310,1.0
842,145045,5.0
842,139747,5.0
188,140510,5.0
188,147009,5.0
188,136054,5.0
188,138647,5.0
188,144197,5.0
188,140116,5.0
188,140855,5.0
188,146873,5.0
188,142245,5.0
188,147729,5.0
188,147223,5.0
188,146067,5.0
188,145418,5.0
734,144382,5.0
734,147912,5.0
734,142363,5.0
734,139397,5.0
734,138851,5.0
443,140644,5.0
443,136637,5.0
443,145309,5.0
443,140142,5.0
443,137499,4.0
443,142214,3.0
243,141274,3.0
243,143985,5.0
243,137824,5.0
243,146556,5.0
243,146652,3.0
243,145340,5.0
243,141286,4.0
243,140932,5.0
243,139824,5.0
1270,145711,5.0
1270,144253,5.0
1270,135419,3.0
1270,137076,3.0
1270,139622,5.0
1270,143570,4.0
1270,144124,3.0
1270,141655,5.0
1270,142483,4.0
1270,135748,3.0
1270,143322,4.0
1270,146084,5.0
1270,139665,5.0
1270,146928,5.0
1270,143052,5.0
1270,142755,4.0
1270,145007,4.0
612,146564,5.0
612,145857,3.0
612,138027,5.0
612,144010,5.0
612,145725,5.0
549,145881,5.0
549,135767,5.0
549,145131,5.0
549,140916,4.0
549,140499,5.0
174,147681,1.0
174,142807,5.0
174,138596,5.0
174,143078,5.0
174,144250,5.0
512,137625,5.0
512,140783,4.0
512,145918,5.0
512,143117,5.0
512,135705,5.0
512,135075,5.0
512,146561,5.0
512,138625,5.0
512,138312,5.0
512,146077,5.0
512,140066,5.0
512,144349,5.0
434,142267,5.0
434,141266,5.0
434,141756,5.0
434,147532,5.0
434,139348,5.0
434,138441,5.0
434,136479,5.0
434,142949,5.0
290,143733,5.0
290,139612,3.0
290,136974,5.0
290,141618,5.0
290,139716,5.0
290,135269,3.0
290,145493,5.0
290,144974,5.0
290,138383,5.0
290,139620,3.0
290,139352,5.0
1239,145706,5.0
1239,147493,4.0
1239,135384,4.0
1239,144300,2.0
1239,146929,4.0
2,135443,5.0
2,142976,4.0
2,145071,4.0
2,145277,5.0
2,140381,4.0
2,145123,5.0
1142,136330,3.0
1142,138752,4.0
1142,138158,2.0
1142,141470,4.0
1142,137011,4.0
1142,137269,3.0
1142,139405,3.0
1142,142293,3.0
1142,146945,4.0
1142,138129,5.0
1142,139306,2.0
51,138633,5.0
51,143285,4.0
51,143441,5.0
51,144795,4.0
51,147911,5.0
51,136291,5.0
51,139255,5.0
51,135001,5.0
1029,144381,3.0
1029,134968,4.0
1029,143165,5.0
1029,142727,5.0
1029,141651,5.0
1029,136778,4.0
1029,143618,4.0
1029,143626,2.0
1029,138525,5.0
1029,135763,5.0
1029,135386,5.0
1029,147750,3.0
1029,140545,3.0
1029,142923,5.0
1029,146274,5.0
1029,135981,5.0
1029,139625,5.0
1029,144044,5.0
1029,138303,3.0
1029,140901,4.0
599,136772,5.0
599,140960,5.0
599,142340,5.0
599,140540,5.0
599,134913,5.0
599,136741,5.0
26,146035,5.0
26,141357,1.0
26,135527,1.0
26,144314,1.0
26,140404,4.0
26,135237,1.0
26,135869,1.0
26,140436,1.0
26,136343,1.0
569,138179,5.0
569,141279,5.0
569,135500,1.0
569,144963,5.0
569,144072,5.0
619,138097,5.0
619,142772,5.0
619,146366,5.0
619,139977,5.0
619,136511,5.0
619,137821,5.0
619,142383,5.0
450,142978,5.0
450,143575,5.0
450,142287,5.0
450,141528,5.0
450,138095,5.0
450,136181,5.0
450,140035,5.0
319,145618,4.0
319,139152,5.0
319,138197,5.0
319,136272,5.0
319,143832,4.0
319,139962,4.0
319,141708,5.0
319,136349,5.0
319,138242,4.0
319,139101,5.0
319,147258,5.0
319,139511,5.0
319,146715,1.0
319,145153,3.0
201,137050,1.0
201,145657,5.0
201,135257,5.0
201,137781,5.0
201,143892,5.0
201,145092,5.0
201,144924,5.0
201,146281,3.0
201,146628,4.0
201,138943,3.0
201,147847,5.0
201,136453,4.0
201,135488,5.0
201,137954,4.0
201,141561,4.0
1105,143613,5.0
1105,142049,5.0
1105,143795,5.0
1105,141707,5.0
1105,137161,5.0
1105,140702,5.0
1105,136140,5.0
625,145835,4.0
625,139953,4.0
625,146344,4.0
625,147294,4.0
625,140815,4.0
625,142384,4.0
625,143402,4.0
172,144951,3.0
172,140203,5.0
172,137883,5.0
172,144863,4.0
172,147564,4.0
172,142436,3.0
172,139621,4.0
172,141864,5.0
172,134937,4.0
172,140012,5.0
172,147754,4.0
172,135509,5.0
172,145322,4.0
172,142202,5.0
172,138290,3.0
172,147543,5.0
172,141580,4.0
172,145524,5.0
172,138686,5.0
172,143742,4.0
172,140477,5.0
172,141416,4.0
172,140178,5.0
172,135588,3.0
172,142854,4.0
172,142873,4.0
172,142744,5.0
172,135680,4.0
172,141111,5.0
62,143095,1.0
62,140453,5.0
62,136057,5.0
62,142102,5.0
62,144471,5.0
62,135944,5.0
62,146689,5.0
62,138221,5.0
1222,144279,5.0
1222,144144,5.0
1222,135670,4.0
1222,134912,5.0
1222,134917,5.0
1222,138475,5.0
1222,142700,2.0
1222,143019,4.0
359,141641,5.0
359,139689,5.0
359,138872,5.0
359,143343,5.0
359,147239,5.0
359,147296,5.0
359,145855,4.0
531,136470,2.0
531,137851,4.0
531,141939,5.0
531,135735,5.0
531,136470,2.0
531,137851,4.0
531,141939,5.0
531,135735,5.0
1028,138405,5.0
1028,135334,5.0
1028,138223,5.0
1028,145933,4.0
1028,140752,3.0
1028,139205,5.0
1028,135779,4.0
547,144712,5.0
547,146780,5.0
547,137472,5.0
547,145755,5.0
547,141359,5.0
404,142406,5.0
404,143401,5.0
404,145980,5.0
404,143825,5.0
404,138446,5.0
404,140740,5.0
404,143159,5.0
404,147635,5.0
8,145439,5.0
8,139849,1.0
8,146865,5.0
8,145439,5.0
8,139849,1.0
8,146865,5.0
3,144030,4.0
3,138057,3.0
3,142654,4.0
3,145329,3.0
3,137510,4.0
3,137146,4.0
3,140940,4.0
67,142279,2.0
67,139371,3.0
67,147697,3.0
67,147577,4.0
67,146446,4.0
67,136710,3.0
733,147895,5.0
733,135117,4.0
733,142103,5.0
733,138799,5.0
733,135830,5.0
733,138816,5.0
1241,139109,4.0
1241,142135,4.0
1241,139597,5.0
1241,139295,3.0
1241,134854,4.0
1241,144667,4.0
870,139994,5.0
870,141010,5.0
870,142854,3.0
870,142167,3.0
870,143759,5.0
870,138837,5.0
75,135326,5.0
75,136191,5.0
75,141212,4.0
75,141691,4.0
75,145162,3.0
997,142592,4.0
997,143252,4.0
997,138392,4.0
997,146825,4.0
997,145194,4.0
997,144916,4.0
424,145345,4.0
424,146035,5.0
424,141752,5.0
424,145429,5.0
424,142058,5.0
424,138398,5.0
799,146336,5.0
799,147475,4.0
799,135807,4.0
799,144939,4.0
799,138005,4.0
799,141357,2.0
799,136089,5.0
362,138753,5.0
362,146179,5.0
362,142510,5.0
362,140261,4.0
362,147849,5.0
362,136292,5.0
600,142677,5.0
600,140489,5.0
600,135563,5.0
600,140955,5.0
600,137411,3.0
600,138264,5.0
600,140863,5.0
600,147808,4.0
600,137282,5.0
600,136706,5.0
600,136568,5.0
600,136697,5.0
600,143877,5.0
600,136560,5.0
600,137723,5.0
600,147856,5.0
600,137671,5.0
378,138044,5.0
378,147333,5.0
378,141565,4.0
378,137609,5.0
378,142847,5.0
378,141628,4.0
378,139950,5.0
746,146507,4.0
746,142646,5.0
746,147786,5.0
746,140576,4.0
746,135151,5.0
746,141095,4.0
746,147072,5.0
746,145743,4.0
746,141033,3.0
746,141051,4.0
746,141842,3.0
746,142687,4.0
746,136111,4.0
746,143652,4.0
746,145458,4.0
746,142617,4.0
746,137225,3.0
746,142257,3.0
746,142521,4.0
746,144533,4.0
746,145280,4.0
746,146100,5.0
1107,145486,5.0
1107,137765,5.0
1107,137406,5.0
1107,142595,5.0
1107,145622,5.0
1107,142336,5.0
321,145770,5.0
321,144372,5.0
321,135453,5.0
321,146514,5.0
321,143697,5.0
321,141193,5.0
321,143508,5.0
321,142021,5.0
321,145287,5.0
321,138934,5.0
818,140437,5.0
818,142395,5.0
818,139233,5.0
818,137641,3.0
818,144625,5.0
1342,144112,5.0
1342,143268,5.0
1342,140873,5.0
1342,138132,5.0
1342,147703,5.0
356,141620,5.0
356,137358,5.0
356,141855,5.0
356,144703,5.0
356,141444,5.0
356,140091,5.0
356,143359,1.0
273,145999,5.0
273,144899,5.0
273,137031,5.0
273,137694,5.0
273,137367,5.0
273,144234,5.0
273,143370,5.0
1253,137470,5.0
1253,142240,5.0
1253,146043,4.0
1253,140549,5.0
1253,140488,5.0
157,146166,5.0
157,136812,5.0
157,139531,4.0
157,144770,3.0
157,146029,5.0
157,136545,2.0
157,147032,4.0
157,135514,3.0
157,146323,5.0
157,137974,4.0
157,136925,5.0
157,144711,4.0
157,138716,3.0
157,135145,5.0
157,145188,4.0
500,141422,4.0
500,134955,4.0
500,143336,4.0
500,140790,4.0
500,143649,5.0
500,140625,5.0
500,139853,2.0
575,137879,5.0
575,142915,5.0
575,142263,5.0
575,142875,5.0
575,136532,5.0
575,143281,5.0
1261,143233,4.0
1261,146491,4.0
1261,141993,1.0
1261,142582,5.0
1261,137180,3.0
1261,141012,3.0
1261,147595,3.0
1261,135772,2.0
1261,143028,3.0
1261,139542,2.0
1261,136864,5.0
1261,147909,1.0
1261,147573,3.0
1261,142399,3.0
1261,138961,3.0
1261,147510,5.0
1225,139715,5.0
1225,136254,5.0
1225,138002,5.0
1225,138568,5.0
1225,142530,5.0
1225,136655,5.0
1225,139905,5.0
124,146948,5.0
124,136496,5.0
124,136429,4.0
124,141280,3.0
124,139579,5.0
124,144206,5.0
905,138348,5.0
905,145992,5.0
905,139597,5.0
905,139109,5.0
905,143639,5.0
905,136169,5.0
905,143380,5.0
905,135623,4.0
627,141317,4.0
627,135985,4.0
627,146369,5.0
627,137233,5.0
627,135615,5.0
627,145297,4.0
627,142715,4.0
627,134829,5.0
627,141548,5.0
1186,138153,4.0
1186,147529,4.0
1186,139090,5.0
1186,147659,4.0
1186,146666,4.0
1186,147059,5.0
1186,143149,4.0
1186,135054,5.0
1186,145019,3.0
1186,145225,4.0
1186,140201,5.0
1186,147188,4.0
1186,143844,4.0
1186,140899,5.0
1186,135760,5.0
1186,141791,4.0
1186,142388,4.0
1186,137185,4.0
1186,136298,4.0
1186,137866,4.0
1186,140244,3.0
1186,141221,5.0
1186,135076,5.0
1186,135043,5.0
1186,137789,4.0
1186,147831,4.0
1186,146909,4.0
1186,142370,4.0
1186,147534,4.0
1186,145701,4.0
1186,142364,4.0
1186,138073,4.0
1186,142394,5.0
1186,147447,4.0
1186,136724,5.0
1186,145443,5.0
1186,144772,4.0
1186,135023,5.0
1186,142615,4.0
151,139212,5.0
151,146034,5.0
151,139997,5.0
151,136039,5.0
151,146755,5.0
151,140494,3.0
151,136550,3.0
151,138442,3.0
326,141968,5.0
326,137988,5.0
326,146432,5.0
326,142316,5.0
326,142827,5.0
326,140509,5.0
326,145722,5.0
326,138639,5.0
326,139469,1.0
326,145390,1.0
326,135418,5.0
326,135720,5.0
326,143987,5.0
326,143813,5.0
326,139399,5.0
326,138845,5.0
326,146308,5.0
326,145869,5.0
326,140516,5.0
326,142621,5.0
326,146449,5.0
326,138346,5.0
326,144804,5.0
326,145854,5.0
326,138390,5.0
326,138653,5.0
326,144082,5.0
326,144156,5.0
326,147537,5.0
326,140797,5.0
326,146943,5.0
326,137128,4.0
932,138286,3.0
932,145386,5.0
932,142831,5.0
932,142631,5.0
932,141519,5.0
932,143609,5.0
932,147324,5.0
932,136090,5.0
932,146575,5.0
932,141627,5.0
561,139102,5.0
561,136061,5.0
561,146524,5.0
561,143771,4.0
561,146415,5.0
14,142354,5.0
14,145078,5.0
14,141197,5.0
14,139301,5.0
14,145740,5.0
14,144799,5.0
564,142432,5.0
564,142981,5.0
564,147899,5.0
564,138014,5.0
564,136904,1.0
564,141066,5.0
694,136563,5.0
694,144510,5.0
694,144555,5.0
694,136591,5.0
694,135700,2.0
967,136876,2.0
967,144337,4.0
967,147087,3.0
967,135490,4.0
967,137196,3.0
967,137033,5.0
967,142657,5.0
259,140330,5.0
259,139854,5.0
259,145330,5.0
259,141438,5.0
259,137748,5.0
1346,142846,4.0
1346,137284,4.0
1346,140250,5.0
1346,139927,5.0
1346,135283,4.0
268,139215,4.0
268,141177,5.0
268,146548,5.0
268,136827,5.0
268,135526,5.0
268,137794,5.0
268,140247,2.0
268,137613,4.0
268,146786,5.0
268,139795,4.0
268,139403,5.0
598,146740,4.0
598,139330,5.0
598,142950,5.0
598,147420,5.0
598,142749,4.0
598,146869,5.0
598,141027,4.0
94,143448,5.0
94,141315,5.0
94,136297,5.0
94,138958,5.0
94,147686,5.0
94,136341,4.0
94,136588,5.0
94,145786,5.0
94,144524,5.0
94,147360,5.0
94,138755,5.0
94,141599,4.0
94,142302,5.0
94,137430,5.0
94,140900,5.0
94,145926,5.0
94,137626,5.0
94,143794,5.0
94,138267,5.0
94,147442,5.0
94,146081,5.0
94,137573,5.0
94,145551,5.0
94,139111,5.0
94,144438,5.0
94,146631,5.0
94,135894,5.0
94,135200,5.0
94,138437,5.0
94,140914,5.0
94,139489,5.0
94,142850,5.0
94,136740,5.0
94,139769,5.0
475,140094,4.0
475,138330,5.0
475,136870,5.0
475,138343,5.0
475,140386,5.0
1053,136062,4.0
1053,144441,5.0
1053,136952,5.0
1053,135636,5.0
1053,147732,4.0
127,141975,4.0
127,138471,4.0
127,145776,5.0
127,144011,5.0
127,140448,5.0
127,142299,5.0
127,140602,5.0
127,146597,4.0
127,137105,5.0
127,144261,4.0
127,136348,3.0
127,144776,5.0
969,142548,5.0
969,145363,5.0
969,146873,5.0
969,136602,5.0
969,141385,5.0
969,138328,5.0
969,145744,5.0
969,136705,5.0
969,143525,5.0
196,147199,5.0
196,140856,4.0
196,144128,4.0
196,138605,3.0
196,134836,5.0
196,137441,5.0
196,142335,5.0
196,147932,5.0
1325,141594,5.0
1325,135603,5.0
1325,136421,5.0
1325,137317,5.0
1325,136467,5.0
1325,146906,5.0
1325,145096,5.0
1048,138340,5.0
1048,137165,5.0
1048,144480,5.0
1048,140143,5.0
1048,135730,5.0
1048,143404,5.0
471,144680,5.0
471,147226,4.0
471,138742,5.0
471,140777,5.0
471,141190,5.0
471,142782,5.0
471,139539,5.0
471,143342,5.0
471,140645,5.0
471,146837,5.0
471,135931,5.0
471,145204,5.0
471,145548,5.0
471,147016,5.0
963,137026,2.0
963,135867,5.0
963,141603,5.0
963,143354,5.0
963,139836,5.0
684,143098,5.0
684,134879,4.0
684,140263,2.0
684,143462,5.0
684,140378,4.0
684,147141,5.0
684,147002,4.0
684,136860,4.0
684,136033,5.0
1046,138391,5.0
1046,141421,5.0
1046,142512,5.0
1046,146963,4.0
1046,135103,5.0
1046,142162,4.0
1046,142912,5.0
1046,139604,5.0
879,143405,3.0
879,136423,5.0
879,136020,5.0
879,145993,5.0
879,136501,4.0
82,140190,5.0
82,136902,5.0
82,135050,5.0
82,144466,5.0
82,143284,5.0
82,146579,5.0
82,141465,5.0
82,142130,5.0
82,139564,5.0
82,135979,5.0
82,139387,5.0
82,144612,5.0
82,145020,5.0
82,145152,5.0
82,144157,5.0
82,143869,5.0
1063,137940,5.0
1063,144221,5.0
1063,139164,5.0
1063,140278,5.0
1063,134974,5.0
608,137839,5.0
608,137574,5.0
608,140727,5.0
608,135891,5.0
608,138473,5.0
608,139673,5.0
1042,146925,5.0
1042,135375,5.0
1042,146048,5.0
1042,147214,5.0
1042,146605,5.0
1042,140387,5.0
1042,145739,5.0
1042,142616,5.0
805,144463,5.0
805,142689,5.0
805,144843,5.0
805,141186,5.0
805,138115,5.0
805,146572,5.0
805,136597,4.0
805,142002,5.0
805,142966,5.0
805,142144,5.0
805,145974,5.0
805,137349,4.0
805,140122,5.0
805,144241,4.0
805,144492,4.0
805,144401,4.0
805,146149,4.0
805,147332,4.0
805,145960,4.0
805,139182,4.0
805,145939,3.0
805,141884,4.0
1015,144715,5.0
1015,141346,5.0
1015,144390,5.0
1015,146709,4.0
1015,142831,4.0
1015,138762,4.0
1015,135218,5.0
1015,139588,4.0
1015,145058,3.0
1015,142158,5.0
1015,145275,4.0
109,142068,5.0
109,144870,5.0
109,145379,5.0
109,144741,5.0
109,146190,5.0
109,136756,5.0
109,142156,1.0
109,145961,5.0
109,142470,5.0
109,136204,5.0
1122,136711,5.0
1122,140517,5.0
1122,142630,5.0
1122,142460,5.0
1122,145393,4.0
1122,144432,5.0
741,147336,5.0
741,140657,4.0
741,137376,4.0
741,144056,5.0
741,141684,4.0
741,138677,5.0
741,145540,5.0
741,137875,3.0
741,143602,5.0
741,135238,4.0
741,140003,5.0
741,136631,5.0
741,144994,4.0
741,135379,4.0
741,136725,5.0
755,140279,5.0
755,143087,5.0
755,141120,5.0
755,145482,5.0
755,137628,4.0
341,143334,5.0
341,135923,5.0
341,138747,5.0
341,144621,5.0
341,143727,5.0
341,146788,5.0
341,137780,5.0
341,136248,5.0
341,141468,5.0
341,146442,4.0
499,146530,5.0
499,142969,4.0
499,142871,4.0
499,135158,4.0
499,137437,5.0
499,139010,4.0
499,136316,4.0
499,135440,4.0
499,143911,5.0
1275,135472,5.0
1275,140961,5.0
1275,144512,5.0
1275,135261,5.0
1275,135703,5.0
1275,136824,5.0
1275,147341,3.0
1275,140514,5.0
1275,137774,5.0
1275,136782,5.0
1275,137035,5.0
1275,147451,5.0
1275,135624,5.0
1275,145810,5.0
1275,141169,4.0
1275,141015,5.0
1275,142441,5.0
1275,145780,5.0
1275,145118,5.0
1275,136645,4.0
1275,138532,4.0
1019,140843,4.0
1019,147928,4.0
1019,141306,5.0
1019,147709,4.0
1019,135302,4.0
1019,137739,4.0
1019,140138,5.0
1019,138218,5.0
1019,139041,5.0
1019,145915,5.0
1019,135538,5.0
1019,142724,5.0
1019,147259,5.0
1019,140635,4.0
1019,138598,5.0
1019,147030,5.0
1019,137662,5.0
1019,142879,5.0
1019,146959,5.0
1019,138019,5.0
1019,145433,5.0
1019,139308,5.0
1019,138683,5.0
1019,143096,5.0
1019,143183,5.0
1019,136437,5.0
1019,137304,4.0
1019,145942,5.0
1019,146014,5.0
1019,141482,5.0
1019,140208,4.0
1019,145370,4.0
1019,146428,3.0
1019,139954,5.0
1019,143022,3.0
1019,144687,5.0
1019,138116,5.0
1019,134826,4.0
1019,134892,4.0
1019,137204,3.0
1019,147483,3.0
1019,144176,5.0
1019,136290,3.0
1019,144339,5.0
1019,146854,5.0
1019,138295,4.0
265,143104,5.0
265,143464,5.0
265,145772,5.0
265,140401,5.0
265,135079,5.0
265,144284,5.0
265,146490,5.0
265,142434,5.0
265,143895,5.0
265,138517,5.0
265,142034,5.0
265,135936,5.0
265,135248,5.0
265,146911,5.0
265,137569,5.0
265,146965,5.0
265,141652,5.0
265,136596,5.0
265,146889,5.0
265,136658,5.0
446,142783,5.0
446,145549,5.0
446,145584,5.0
446,140266,5.0
446,135124,3.0
126,135381,5.0
126,136215,1.0
126,137214,5.0
126,143858,5.0
126,135152,5.0
697,142587,5.0
697,135412,5.0
697,140334,5.0
697,138479,5.0
697,134820,5.0
697,145205,5.0
697,138542,5.0
697,139913,5.0
697,147061,5.0
697,147158,5.0
762,139661,4.0
762,135077,4.0
762,147756,4.0
762,140697,5.0
762,143290,5.0
762,147047,4.0
762,145815,4.0
762,136540,5.0
762,147260,5.0
762,136764,5.0
762,147704,5.0
762,145979,5.0
762,140440,5.0
762,145619,5.0
762,146773,5.0
762,138673,5.0
762,137306,5.0
388,141245,5.0
388,140962,5.0
388,139819,5.0
388,139560,5.0
388,147814,5.0
242,146345,5.0
242,136622,5.0
242,139802,5.0
242,139865,5.0
242,144264,5.0
242,145746,5.0
274,143207,5.0
274,138058,5.0
274,139116,5.0
274,140238,5.0
274,139458,5.0
274,137479,5.0
274,140455,5.0
274,143557,5.0
1237,147749,5.0
1237,146401,5.0
1237,135596,5.0
1237,136179,5.0
1237,137785,5.0
1237,147167,5.0
1237,137776,5.0
1237,147664,5.0
1237,135134,5.0
1237,137186,5.0
1237,137176,5.0
558,138846,4.0
558,140131,5.0
558,136699,4.0
558,146812,5.0
558,139750,3.0
558,144143,5.0
384,146630,5.0
384,137618,5.0
384,136652,5.0
384,146751,5.0
384,135844,5.0
384,136397,5.0
384,135634,5.0
384,137983,5.0
384,138935,5.0
384,146216,5.0
384,136562,5.0
384,147189,5.0
384,144177,5.0
384,139389,5.0
384,146227,5.0
384,142477,5.0
691,147172,5.0
691,144203,5.0
691,145245,5.0
691,135752,4.0
691,140295,3.0
691,136965,5.0
691,141129,4.0
691,135246,4.0
691,147066,5.0
691,142085,4.0
691,143539,5.0
691,144455,4.0
691,144213,4.0
691,137355,4.0
691,135333,5.0
691,143451,4.0
691,144663,5.0
691,140262,4.0
691,143265,4.0
691,144602,5.0
691,141363,5.0
691,141237,4.0
691,140185,5.0
691,135102,5.0
691,146083,5.0
691,143528,5.0
691,136377,5.0
691,145062,4.0
691,144954,5.0
691,137143,4.0
691,140594,5.0
691,138562,4.0
69,139939,5.0
69,138904,1.0
69,141302,5.0
69,135074,5.0
69,147157,5.0
1128,137315,5.0
1128,142029,3.0
1128,136399,5.0
1128,140943,5.0
1128,142330,5.0
901,136973,5.0
901,147367,5.0
901,141414,5.0
901,137299,5.0
901,140358,5.0
901,135182,4.0
901,136713,5.0
229,141604,5.0
229,139462,5.0
229,146883,5.0
229,147674,5.0
229,138225,5.0
229,137818,4.0
229,143129,4.0
229,143619,5.0
229,136308,4.0
229,142623,3.0
229,143488,5.0
229,145526,4.0
229,146303,3.0
229,140831,2.0
229,137681,4.0
229,138961,3.0
143,136480,5.0
143,143298,5.0
143,146290,2.0
143,139781,5.0
143,141054,5.0
143,145124,4.0
143,138795,5.0
336,138691,3.0
336,146205,5.0
336,140870,5.0
336,142934,5.0
336,135106,5.0
336,136932,5.0
336,138852,5.0
336,144721,5.0
336,139431,3.0
336,138283,5.0
336,141091,5.0
336,138301,5.0
336,141843,5.0
336,136914,5.0
336,136253,5.0
853,146732,4.0
853,147298,3.0
853,139603,3.0
853,144771,4.0
853,142634,3.0
853,145513,3.0
853,140628,2.0
853,142092,3.0
853,145794,1.0
853,139455,2.0
853,140191,4.0
853,136050,4.0
853,142488,2.0
853,143610,4.0
309,143329,5.0
309,138582,4.0
309,139872,5.0
309,138487,4.0
309,134881,4.0
309,136151,4.0
309,138748,5.0
309,141927,5.0
309,140252,4.0
309,134916,5.0
309,140189,4.0
233,137425,5.0
233,138237,5.0
233,139272,5.0
233,143408,5.0
233,144342,4.0
370,144782,5.0
370,139315,5.0
370,147844,5.0
370,144592,5.0
370,141735,5.0
370,139980,5.0
370,135027,5.0
370,138263,5.0
370,146074,5.0
370,139893,5.0
370,137285,5.0
370,136152,5.0
370,138528,5.0
370,140392,5.0
370,137707,4.0
370,138667,2.0
178,140159,5.0
178,138939,5.0
178,138194,5.0
178,140587,4.0
178,141387,3.0
178,138131,5.0
1344,139799,5.0
1344,141136,4.0
1344,144932,2.0
1344,140503,4.0
1344,145472,4.0
1344,136646,5.0
1344,136893,2.0
520,142285,5.0
520,141722,1.0
520,141534,4.0
520,147111,3.0
520,140525,4.0
520,135024,4.0
520,144793,4.0
520,140906,5.0
1310,143467,5.0
1310,141130,5.0
1310,143442,5.0
1310,135801,5.0
1310,145476,5.0
1310,136178,4.0
1310,144326,5.0
1310,140889,5.0
1310,137236,5.0
1310,136015,5.0
1310,145044,5.0
1310,135479,5.0
1310,135272,5.0
1310,144638,5.0
1310,136737,5.0
1310,145738,5.0
1310,138035,5.0
1310,147029,5.0
1310,145867,4.0
1310,142540,5.0
1310,137525,5.0
1310,142450,4.0
1310,147123,5.0
1310,139949,5.0
1310,144283,5.0
1310,137910,5.0
1310,142669,5.0
1310,138573,5.0
1310,143569,5.0
1310,138104,5.0
1310,143709,5.0
1310,142681,5.0
1310,139947,5.0
1310,145793,5.0
1310,140611,5.0
1310,142461,5.0
1310,136230,5.0
1310,142493,5.0
1310,138127,5.0
1310,143938,5.0
1310,138899,5.0
1310,138065,5.0
1310,144310,5.0
1310,136956,5.0
1310,146864,5.0
1310,143898,4.0
1310,146028,3.0
1310,139778,5.0
1310,140038,4.0
1310,143300,5.0
1310,146125,5.0
1310,136752,5.0
1310,142964,5.0
1310,137418,5.0
1310,145502,5.0
1310,146577,5.0
1310,142027,5.0
1310,145426,5.0
1157,137419,3.0
1157,144121,5.0
1157,143247,5.0
1157,139502,4.0
1157,147740,3.0
1157,135525,4.0
1157,137266,5.0
1157,138602,4.0
1157,145266,5.0
1157,140087,5.0
723,146672,5.0
723,146746,5.0
723,146672,5.0
723,146746,5.0
723,146672,5.0
723,146746,5.0
868,141629,3.0
868,147511,4.0
868,135058,4.0
868,137352,5.0
868,138420,3.0
868,145693,5.0
868,139142,4.0
868,140276,4.0
868,147339,3.0
868,137986,4.0
868,144352,4.0
868,139321,5.0
674,140229,5.0
674,135882,5.0
674,144184,5.0
674,141118,5.0
674,140807,5.0
376,143591,4.0
376,144751,4.0
376,146332,4.0
376,136472,4.0
376,135496,4.0
376,146592,4.0
376,140658,4.0
376,142186,4.0
376,147109,4.0
376,138578,4.0
376,143229,4.0
376,138828,4.0
1002,141265,5.0
1002,141510,5.0
1002,136937,5.0
1002,146022,5.0
1002,142230,5.0
662,137829,1.0
662,143144,5.0
662,136966,5.0
662,135667,5.0
662,136969,3.0
662,147508,1.0
662,140899,1.0
662,143433,1.0
662,140912,5.0
662,147390,5.0
662,145444,5.0
662,135751,1.0
662,144148,5.0
662,136701,5.0
662,143463,5.0
662,139496,5.0
662,137516,5.0
302,144484,5.0
302,147068,4.0
302,135443,5.0
302,146051,2.0
302,146973,4.0
302,137068,4.0
794,142427,5.0
794,144913,5.0
794,138675,3.0
794,138640,5.0
794,136340,5.0
794,142977,5.0
794,141626,5.0
891,141305,5.0
891,134911,5.0
891,141575,5.0
891,138469,5.0
891,145413,5.0
1322,136081,4.0
1322,136920,5.0
1322,146815,5.0
1322,147905,5.0
1322,141969,3.0
525,147062,2.0
525,145948,5.0
525,146380,5.0
525,141894,4.0
525,135792,4.0
525,147746,4.0
525,143325,3.0
525,147644,5.0
525,137647,5.0
405,144223,5.0
405,146822,5.0
405,142878,5.0
405,135041,5.0
405,136392,5.0
405,145768,5.0
830,142593,4.0
830,146474,5.0
830,138442,4.0
830,144781,4.0
830,137215,5.0
830,137185,5.0
830,144360,4.0
1214,139483,5.0
1214,147619,5.0
1214,140018,2.0
1214,139888,4.0
1214,140144,4.0
1214,141016,5.0
1214,145438,4.0
1214,141184,4.0
1214,136113,5.0
1214,145364,5.0
1214,143673,4.0
1214,147125,5.0
1214,143918,5.0
1214,139696,5.0
1214,145605,4.0
1214,136048,5.0
1214,146703,5.0
1341,139109,5.0
1341,135228,5.0
1341,141966,5.0
1341,145258,5.0
1341,136169,5.0
1341,135851,5.0
377,137449,5.0
377,138508,5.0
377,141865,5.0
377,147319,5.0
377,145233,5.0
377,141980,5.0
607,141941,5.0
607,143640,5.0
607,143578,5.0
607,147070,5.0
607,137587,4.0
607,140919,5.0
607,145563,5.0
607,137016,5.0
607,142192,5.0
607,137340,5.0
607,144756,5.0
607,144879,5.0
607,142252,5.0
607,141502,5.0
607,140805,5.0
607,136478,5.0
607,139466,5.0
607,140947,4.0
607,140319,4.0
607,145726,4.0
607,137132,3.0
607,143134,5.0
833,143085,5.0
833,138336,5.0
833,143269,5.0
833,139694,5.0
833,140333,5.0
833,143275,5.0
833,138253,5.0
833,138922,5.0
833,137435,5.0
833,143417,5.0
833,139278,5.0
833,147089,5.0
833,135905,4.0
833,140589,5.0
833,147449,5.0
833,145035,5.0
123,143162,5.0
123,145834,5.0
123,138586,5.0
123,136146,5.0
123,141613,5.0
123,138010,5.0
596,143587,5.0
596,135316,5.0
596,137710,5.0
596,143303,5.0
596,135916,5.0
596,147936,5.0
596,147513,5.0
596,139654,5.0
596,135336,5.0
596,137144,5.0
497,141994,5.0
497,139780,5.0
497,135187,5.0
497,142093,5.0
497,145769,5.0
497,141332,5.0
497,143824,5.0
497,141795,5.0
576,146023,4.0
576,146223,3.0
576,143071,4.0
576,138929,4.0
576,136443,4.0
576,142702,3.0
576,144354,4.0
1210,146106,5.0
1210,142980,5.0
1210,147200,5.0
1210,145083,5.0
1210,140059,5.0
167,140952,4.0
167,137674,5.0
167,140696,5.0
167,144424,5.0
167,147374,5.0
167,136439,5.0
167,141312,5.0
167,141308,5.0
167,146158,5.0
167,137119,5.0
167,142737,5.0
167,143503,5.0
167,141533,5.0
844,144318,4.0
844,141786,5.0
844,147354,5.0
844,139581,5.0
844,146092,5.0
844,138830,5.0
585,142066,5.0
585,141788,5.0
585,147712,5.0
585,138359,5.0
585,139912,5.0
585,143197,5.0
585,140754,5.0
899,136871,5.0
899,139741,5.0
899,142045,5.0
899,145864,5.0
899,147499,5.0
570,135853,5.0
570,142739,5.0
570,139036,5.0
570,137658,5.0
570,136287,5.0
570,146580,5.0
570,141910,5.0
570,138952,5.0
570,134891,5.0
570,135328,5.0
570,146528,5.0
570,143956,5.0
570,145861,5.0
570,136604,5.0
570,137514,5.0
570,139763,5.0
570,143542,5.0
511,147673,5.0
511,141263,5.0
511,142750,4.0
511,139877,4.0
511,146333,2.0
1333,138467,5.0
1333,139748,5.0
1333,146879,5.0
1333,146184,5.0
1333,145719,5.0
1333,143452,5.0
1333,140369,5.0
1333,138599,5.0
1333,144874,4.0
1333,147201,5.0
1333,141011,5.0
1333,146276,5.0
1333,141723,5.0
1333,143989,4.0
1333,140084,5.0
1333,145874,5.0
1333,139792,5.0
1333,145581,4.0
543,147528,5.0
543,144790,5.0
543,139147,5.0
543,139084,5.0
543,143434,5.0
543,138996,5.0
543,140214,5.0
543,143390,5.0
543,147528,5.0
543,144790,5.0
543,139147,5.0
543,139084,5.0
543,143434,5.0
543,138996,5.0
543,140214,5.0
543,143390,5.0
656,140487,5.0
656,140312,5.0
656,141659,5.0
656,145208,5.0
656,139727,4.0
656,137064,5.0
487,141253,5.0
487,144722,5.0
487,143870,3.0
487,142713,2.0
487,142965,5.0
487,140617,3.0
410,140023,5.0
410,139578,5.0
410,140920,5.0
410,136245,5.0
410,135701,5.0
410,144065,5.0
410,139343,3.0
9,141439,5.0
9,137193,5.0
9,135385,5.0
9,138090,5.0
9,142241,5.0
9,142598,5.0
9,137357,5.0
9,147322,5.0
9,140305,4.0
9,141878,5.0
9,134975,4.0
189,143162,5.0
189,138322,5.0
189,139022,4.0
189,136387,4.0
189,140315,4.0
189,139652,5.0
189,135662,4.0
189,147757,5.0
1220,144294,5.0
1220,146249,5.0
1220,135367,4.0
1220,145853,4.0
1220,144383,5.0
1220,143045,5.0
1220,145039,3.0
1220,138454,4.0
1220,147706,3.0
1220,145642,3.0
1220,135312,3.0
1220,145119,4.0
1220,141366,5.0
1220,138728,4.0
1220,147872,4.0
1220,146437,5.0
1220,141254,3.0
1220,140720,5.0
1220,138533,5.0
1220,141891,4.0
1220,146210,4.0
1220,141352,5.0
1220,139846,4.0
1220,137738,4.0
1220,140057,4.0
1220,139839,4.0
1220,140067,4.0
1220,145219,4.0
1220,137740,5.0
1220,136649,4.0
1220,138577,4.0
1220,144944,3.0
1220,143157,4.0
1220,138011,5.0
1220,145784,5.0
1220,136675,4.0
1220,139724,4.0
1220,135227,4.0
1220,139292,4.0
1220,136890,5.0
1220,137313,4.0
1220,143156,3.0
1220,139646,5.0
1220,144061,4.0
1220,136092,4.0
1220,135301,5.0
951,137213,5.0
951,141209,1.0
951,143581,1.0
951,138371,1.0
951,147622,5.0
951,142679,5.0
951,143593,5.0
951,146634,5.0
951,138335,5.0
951,143292,5.0
951,140410,5.0
951,135287,1.0
951,135741,5.0
951,139492,5.0
951,140691,5.0
951,136104,5.0
951,142697,5.0
951,139071,5.0
951,135262,5.0
951,141354,5.0
951,140590,4.0
951,135116,5.0
951,140945,5.0
951,146265,5.0
951,147037,5.0
951,140785,5.0
951,141173,5.0
951,136928,5.0
951,136950,5.0
951,145847,5.0
951,146814,5.0
951,142527,5.0
951,140983,5.0
951,147765,5.0
951,145633,5.0
951,141163,1.0
951,138122,1.0
951,143950,5.0
951,136317,5.0
951,142806,5.0
951,145824,1.0
951,141597,5.0
951,139322,5.0
951,146133,5.0
951,143764,5.0
951,145811,1.0
951,137527,4.0
951,135911,1.0
951,144491,5.0
951,142743,5.0
951,140972,5.0
951,146793,5.0
951,146608,5.0
951,138892,5.0
337,135910,4.0
337,142131,3.0
337,139616,5.0
337,143998,5.0
337,139426,4.0
337,136582,4.0
1013,136913,5.0
1013,144642,5.0
1013,137404,5.0
1013,135543,5.0
1013,137397,3.0
902,137190,5.0
902,140735,5.0
902,145922,4.0
902,146843,5.0
902,138662,5.0
902,147699,5.0
902,138295,4.0
902,144773,5.0
902,140290,5.0
902,140461,5.0
902,146385,5.0
902,145753,5.0
902,138707,5.0
902,146940,5.0
902,136509,5.0
902,141911,5.0
902,138778,5.0
902,141725,4.0
902,144808,5.0
902,139916,5.0
902,137410,5.0
902,138704,5.0
902,136320,5.0
902,138631,5.0
902,142411,5.0
902,147677,5.0
902,139945,5.0
902,136085,5.0
902,147081,5.0
902,142967,5.0
902,141228,4.0
902,142920,3.0
902,134944,4.0
902,143373,5.0
902,135783,5.0
902,146226,3.0
902,138970,5.0
902,135293,5.0
902,142444,4.0
902,135049,5.0
902,140407,5.0
902,139412,5.0
902,141709,5.0
902,143904,5.0
902,135174,5.0
902,145955,5.0
902,146506,5.0
902,147315,5.0
902,138512,5.0
902,137853,5.0
902,146112,5.0
902,147796,5.0
902,144572,5.0
902,138136,5.0
902,145353,4.0
902,136049,5.0
902,144762,3.0
902,143995,4.0
902,138017,4.0
902,145455,5.0
902,140246,5.0
902,143547,5.0
648,139175,5.0
648,147851,5.0
648,135078,5.0
648,138848,5.0
648,144617,3.0
648,146207,1.0
1016,142375,5.0
1016,141418,5.0
1016,144980,5.0
1016,138812,5.0
1016,143745,5.0
1016,147550,5.0
1016,139391,5.0
1016,140838,5.0
1016,142841,5.0
1016,140561,1.0
311,139112,4.0
311,147639,4.0
311,136211,5.0
311,141897,4.0
311,143773,5.0
311,143243,3.0
411,145420,5.0
411,139700,5.0
411,139906,5.0
411,135532,5.0
411,135445,5.0
522,145488,5.0
522,138965,5.0
522,137460,5.0
522,135800,5.0
522,147656,5.0
812,142813,5.0
812,140334,5.0
812,147168,5.0
812,142813,5.0
812,140334,5.0
812,147168,5.0
678,139282,5.0
678,139493,5.0
678,139282,5.0
678,139493,5.0
678,139282,5.0
678,139493,5.0
678,139282,5.0
678,139493,5.0
678,139282,5.0
678,139493,5.0
892,140828,5.0
892,147775,5.0
892,136626,5.0
892,134990,5.0
892,146059,5.0
892,136447,5.0
892,140930,5.0
892,137981,5.0
892,143647,5.0
892,145031,5.0
892,137083,5.0
892,139487,5.0
892,135309,5.0
892,145494,5.0
892,138768,5.0
892,135136,5.0
892,145378,5.0
892,137255,5.0
892,147355,5.0
892,138166,5.0
892,135651,5.0
892,136198,5.0
892,140294,5.0
892,142763,5.0
892,135165,5.0
892,140308,5.0
892,136339,5.0
308,140978,5.0
308,141404,5.0
308,139626,5.0
308,136323,5.0
308,138211,5.0
308,144986,5.0
308,137771,5.0
1141,143499,5.0
1141,145537,5.0
1141,138571,5.0
1141,139855,5.0
1141,136510,5.0
1141,137444,5.0
841,142802,5.0
841,140065,4.0
841,140127,5.0
841,143868,5.0
841,138492,5.0
841,139244,5.0
170,146589,5.0
170,138600,4.0
170,136805,4.0
170,135091,5.0
170,134868,5.0
170,146456,5.0
170,142808,5.0
170,143118,5.0
102,147824,5.0
102,142501,5.0
102,144046,5.0
102,141532,5.0
102,143051,5.0
102,136851,5.0
102,147036,5.0
102,140944,5.0
102,136311,5.0
102,140133,5.0
102,145795,5.0
102,139543,5.0
102,141664,5.0
102,142575,5.0
102,137575,5.0
102,138685,5.0
922,136010,5.0
922,147312,5.0
922,145403,5.0
922,138731,5.0
922,140259,5.0
922,136334,5.0
922,145576,5.0
922,144580,5.0
922,146557,5.0
922,142922,5.0
121,134814,1.0
121,143474,1.0
121,136284,1.0
121,147091,1.0
121,134999,1.0
121,135975,1.0
113,137912,5.0
113,146045,5.0
113,144914,5.0
113,145970,5.0
113,146339,5.0
708,145478,5.0
708,147267,5.0
708,138734,5.0
708,137134,5.0
708,139735,5.0
708,143965,5.0
708,139459,5.0
708,141778,5.0
708,143640,5.0
708,140497,5.0
708,136173,5.0
708,137547,5.0
708,140060,5.0
708,144552,5.0
708,142940,5.0
708,142655,5.0
708,144752,5.0
708,146995,5.0
708,136737,5.0
1124,143273,5.0
1124,136463,5.0
1124,141114,5.0
1124,140787,5.0
1124,146450,5.0
634,143515,5.0
634,137194,5.0
634,147540,5.0
634,138760,5.0
634,138847,5.0
116,145516,5.0
116,136802,5.0
116,138362,5.0
116,138498,4.0
116,140986,5.0
116,140578,5.0
611,137243,5.0
611,141073,5.0
611,139240,5.0
611,144861,5.0
611,141167,5.0
611,145041,5.0
407,139058,5.0
407,141801,5.0
407,141240,5.0
407,136386,5.0
407,136275,5.0
1189,140286,5.0
1189,137643,5.0
1189,138464,5.0
1189,141601,5.0
1189,142303,5.0
0,141483,5.0
0,147092,5.0
0,145121,5.0
0,143513,5.0
0,145906,5.0
0,141789,5.0
0,135805,5.0
0,138862,5.0
0,144708,5.0
0,147375,5.0
0,144725,5.0
0,145431,5.0
0,140640,5.0
0,141917,5.0
0,138425,5.0
0,147193,5.0
0,146407,5.0
0,144733,5.0
0,139826,5.0
0,137914,5.0
0,139264,5.0
0,135398,5.0
0,146406,5.0
0,147798,5.0
0,135645,5.0
0,139463,5.0
0,146240,5.0
0,137778,5.0
0,145700,5.0
0,145893,5.0
0,143060,5.0
0,143227,5.0
0,140750,5.0
0,136716,5.0
0,143102,5.0
0,146690,5.0
0,138098,5.0
0,146611,5.0
0,135126,5.0
0,139437,5.0
0,144515,5.0
0,139998,5.0
0,143167,5.0
0,136531,5.0
0,142670,5.0
0,142939,5.0
0,144903,5.0
0,143360,5.0
0,146393,5.0
0,147519,5.0
0,139941,5.0
0,147501,5.0
0,142424,5.0
0,145341,5.0
0,138399,5.0
0,144553,5.0
0,147247,5.0
0,140205,5.0
0,140254,5.0
0,143737,5.0
0,146078,5.0
0,143192,5.0
0,146221,5.0
0,144984,5.0
0,141743,5.0
0,140989,5.0
0,145597,5.0
0,140781,5.0
0,135279,5.0
0,143969,5.0
0,142448,5.0
0,135786,5.0
0,136132,5.0
0,139375,5.0
0,138324,5.0
0,142767,5.0
0,137965,5.0
0,142514,5.0
0,143109,5.0
0,138969,5.0
0,140501,5.0
0,140641,5.0
0,140582,5.0
0,137622,5.0
0,144406,5.0
0,143670,5.0
0,144575,5.0
0,137447,5.0
0,138878,5.0
0,143600,5.0
0,144633,5.0
0,140571,5.0
0,135034,5.0
0,141272,5.0
0,139490,5.0
0,140992,5.0
0,140991,5.0
0,138495,5.0
0,142761,5.0
0,140305,5.0
0,142936,5.0
0,136065,5.0
0,140275,5.0
0,142546,5.0
0,136293,5.0
0,134923,5.0
0,143204,5.0
0,144347,5.0
0,143153,5.0
0,142321,5.0
0,139144,5.0
535,144443,5.0
535,139148,5.0
535,142101,5.0
535,140902,5.0
535,142440,5.0
535,142039,5.0
535,139625,5.0
535,135925,5.0
535,143751,5.0
535,138358,5.0
535,144631,5.0
535,139505,5.0
603,147601,4.0
603,136807,5.0
603,139388,3.0
603,147407,5.0
603,143150,5.0
603,147202,5.0
603,137070,5.0
632,142278,5.0
632,137380,5.0
632,139201,5.0
632,145773,5.0
632,146160,5.0
632,137399,5.0
896,145180,5.0
896,141895,5.0
896,143426,5.0
896,135341,5.0
896,145260,5.0
896,147533,5.0
896,136911,5.0
896,144160,5.0
896,146003,5.0
896,140654,5.0
896,141944,5.0
896,141900,5.0
896,141053,5.0
896,138615,5.0
423,141469,5.0
423,137416,5.0
423,144881,5.0
423,141590,5.0
423,145470,5.0
423,134906,5.0
641,147838,5.0
641,145427,1.0
641,135330,5.0
641,145216,5.0
641,136283,5.0
641,143875,5.0
641,135302,5.0
641,142542,5.0
641,141646,5.0
641,142485,5.0
641,136885,5.0
641,141500,5.0
641,144529,5.0
641,136838,5.0
641,145598,5.0
1066,145560,3.0
1066,136373,5.0
1066,138409,5.0
1066,144672,5.0
1066,144764,2.0
1162,139615,1.0
1162,137261,3.0
1162,134900,5.0
1162,144320,3.0
1162,137938,5.0
1162,137942,5.0
1162,140567,5.0
1162,147143,5.0
1162,135572,5.0
1162,141434,2.0
991,135180,5.0
991,142496,5.0
991,145052,5.0
991,138909,5.0
991,142983,5.0
991,146267,5.0
991,138999,5.0
885,144774,5.0
885,147045,5.0
885,147921,5.0
885,141162,5.0
885,146096,5.0
368,138861,4.0
368,139401,3.0
368,143475,1.0
368,137624,5.0
368,139341,4.0
368,147810,2.0
1347,138876,5.0
1347,144243,5.0
1347,142353,5.0
1347,139428,5.0
1347,145033,5.0
1347,135592,5.0
1347,146434,5.0
1347,134913,5.0
1347,141751,5.0
1347,135186,5.0
1347,139569,5.0
1347,142740,5.0
194,143479,5.0
194,142690,5.0
194,147436,5.0
194,141309,5.0
194,138443,5.0
601,138985,5.0
601,147828,5.0
601,138327,5.0
601,144753,5.0
601,137689,5.0
601,145086,5.0
601,142855,5.0
601,135892,5.0
87,145151,5.0
87,139833,5.0
87,136041,5.0
87,143459,5.0
87,144132,5.0
87,140885,5.0
323,141008,5.0
323,135710,5.0
323,136262,5.0
323,146047,5.0
323,137121,5.0
323,144854,5.0
323,136492,5.0
296,146591,2.0
296,143499,2.0
296,136510,5.0
296,139288,5.0
296,139109,5.0
296,139597,5.0
296,139854,5.0
296,141966,5.0
296,135228,5.0
40,138650,4.0
40,147465,5.0
40,141986,5.0
40,143126,4.0
40,143701,5.0
40,138117,3.0
824,146632,5.0
824,142308,5.0
824,143951,5.0
824,137297,5.0
824,143921,5.0
159,141087,5.0
159,135908,5.0
159,142659,3.0
159,135707,5.0
159,136873,5.0
159,144905,5.0
505,147424,5.0
505,143172,5.0
505,146551,4.0
505,143005,5.0
505,137913,5.0
344,147263,5.0
344,141310,5.0
344,142048,4.0
344,144227,5.0
344,136673,4.0
344,136400,4.0
344,135640,5.0
344,140287,5.0
344,136586,5.0
344,135988,5.0
344,134841,5.0
344,144797,5.0
344,138150,5.0
344,140160,5.0
344,144101,5.0
1177,141605,5.0
1177,143181,4.0
1177,140834,3.0
1177,134976,4.0
1177,139143,4.0
1177,145749,3.0
1177,139811,3.0
1177,144635,3.0
1177,144312,3.0
1177,140527,4.0
1177,144597,4.0
1177,137640,4.0
1177,134992,4.0
1177,138189,4.0
1177,136523,4.0
1177,137442,5.0
1177,135475,4.0
1177,136116,4.0
1177,143335,4.0
1177,138400,4.0
1177,135983,5.0
1177,143790,4.0
1177,138937,4.0
1177,140840,4.0
1177,138823,4.0
1177,146870,4.0
1233,144821,5.0
1233,141591,5.0
1233,145718,5.0
1233,137775,5.0
1233,137858,5.0
540,136654,5.0
540,139291,5.0
540,146302,5.0
540,147169,3.0
540,135113,3.0
540,143438,4.0
739,147356,4.0
739,136196,5.0
739,137668,5.0
739,136679,5.0
739,135004,5.0
739,143852,5.0
739,141340,5.0
739,137245,5.0
1020,140124,5.0
1020,137559,5.0
1020,147155,5.0
1020,136825,5.0
1020,141774,5.0
1020,135909,5.0
1020,134884,5.0
1020,141094,5.0
1020,147417,5.0
1020,134904,3.0
1020,144034,5.0
1020,143563,5.0
1020,135053,4.0
1020,136594,5.0
1020,144296,4.0
1020,135137,5.0
1020,142400,3.0
1020,137939,5.0
1020,139828,5.0
1020,141517,3.0
1020,146218,5.0
1020,139480,5.0
1020,140707,5.0
1020,135976,5.0
613,135934,5.0
613,146114,5.0
613,146651,5.0
613,135573,5.0
613,135653,5.0
613,134846,5.0
613,137877,5.0
613,140186,5.0
613,135154,5.0
613,146201,5.0
613,141284,5.0
314,138507,5.0
314,140703,3.0
314,136117,4.0
314,142289,4.0
314,144031,5.0
314,137836,5.0
314,141484,5.0
314,137513,5.0
314,136522,5.0
314,147518,2.0
314,140004,4.0
314,142751,2.0
314,145397,3.0
314,140356,4.0
314,145904,2.0
314,145469,3.0
314,141370,5.0
1108,146229,5.0
1108,143880,5.0
1108,135497,4.0
1108,144494,5.0
1108,145460,4.0
1108,146471,5.0
593,138827,5.0
593,140896,5.0
593,144840,4.0
593,143886,5.0
593,142994,5.0
439,138724,4.0
439,142779,3.0
439,146663,4.0
439,137541,3.0
439,141409,5.0
439,136732,4.0
439,137614,5.0
1140,147605,5.0
1140,146691,5.0
1140,147640,5.0
1140,139702,5.0
1140,140468,5.0
815,142275,5.0
815,146753,5.0
815,138560,5.0
815,145843,5.0
815,138676,4.0
103,145108,2.0
103,142157,5.0
103,146517,5.0
103,140149,4.0
103,143725,5.0
66,136078,5.0
66,142550,4.0
66,147184,4.0
66,139296,5.0
66,146426,5.0
66,145073,5.0
663,145229,5.0
663,140280,5.0
663,145229,5.0
663,140280,5.0
663,145229,5.0
663,140280,5.0
663,145229,5.0
663,140280,5.0
23,144192,5.0
23,145430,5.0
23,142735,5.0
23,144110,4.0
23,147769,5.0
219,147148,5.0
219,146319,5.0
219,140449,5.0
219,142401,1.0
219,147314,5.0
1138,135612,5.0
1138,144033,5.0
1138,146696,5.0
1138,136294,5.0
1138,135612,5.0
1138,144033,5.0
1138,146696,5.0
1138,136294,5.0
111,145652,5.0
111,144506,4.0
111,135829,5.0
111,135294,4.0
111,145777,4.0
111,147266,5.0
111,141571,4.0
111,143457,4.0
111,135942,5.0
111,137092,5.0
111,145241,4.0
111,139199,5.0
111,139952,4.0
111,136176,5.0
111,144081,5.0
111,140172,5.0
111,135887,5.0
111,144174,3.0
111,144467,5.0
111,147097,4.0
111,136368,5.0
111,146073,4.0
111,139529,5.0
111,147571,4.0
111,135233,4.0
111,141820,5.0
111,145099,5.0
111,138665,4.0
111,136077,5.0
111,141811,5.0
111,143968,4.0
111,141171,5.0
111,136615,5.0
111,141250,5.0
111,135834,3.0
111,143491,5.0
111,136841,3.0
111,146412,5.0
111,145659,5.0
111,140268,5.0
111,145976,5.0
111,141215,5.0
111,136186,4.0
111,145660,3.0
111,143926,3.0
111,136793,3.0
111,136656,4.0
111,142805,5.0
111,145924,5.0
111,146996,4.0
111,143477,5.0
111,147730,5.0
111,142189,5.0
111,138651,5.0
111,140762,5.0
111,136357,4.0
111,146950,5.0
111,137081,5.0
111,139495,5.0
111,141214,5.0
111,141818,4.0
111,139931,5.0
111,137529,5.0
111,138619,5.0
111,145101,4.0
111,135659,4.0
111,135574,3.0
111,139813,4.0
111,141028,5.0
111,145417,4.0
111,137152,5.0
111,136834,5.0
111,134996,5.0
111,147271,5.0
111,147321,5.0
111,143592,5.0
111,136765,4.0
111,134966,4.0
111,135021,5.0
111,143717,4.0
111,145342,4.0
111,141687,4.0
111,143027,4.0
111,136842,5.0
111,140570,4.0
111,143739,4.0
111,135964,3.0
111,138383,5.0
111,144754,4.0
111,137393,4.0
111,137621,5.0
111,140411,4.0
111,137642,4.0
111,142452,4.0
111,139094,4.0
1030,143049,2.0
1030,143049,2.0
1030,143049,2.0
1030,143049,2.0
1030,143049,2.0
609,135348,5.0
609,147606,5.0
609,145541,5.0
609,145223,5.0
609,141710,5.0
609,140396,5.0
609,137522,5.0
465,143820,5.0
465,142769,5.0
465,143391,5.0
465,137204,5.0
465,136036,4.0
465,145150,5.0
465,139565,4.0
4,136002,2.0
4,147887,3.0
4,146222,5.0
4,147934,1.0
4,145698,1.0
4,142206,1.0
4,146256,5.0
4,141765,5.0
4,138176,4.0
263,147013,5.0
263,136247,5.0
263,142430,5.0
263,134941,5.0
263,140832,5.0
422,145522,4.0
422,137970,4.0
422,140063,3.0
422,138238,4.0
422,139413,5.0
422,145597,4.0
1081,144972,5.0
1081,145136,5.0
1081,141686,5.0
1081,142304,5.0
1081,139323,5.0
1081,136561,5.0
1081,136823,5.0
1081,138540,5.0
1056,136516,5.0
1056,140218,5.0
1056,136321,5.0
1056,136516,5.0
1056,140218,5.0
1056,136321,5.0
610,137736,5.0
610,146338,5.0
610,147784,5.0
610,145453,5.0
610,135085,5.0
683,139791,5.0
683,134985,5.0
683,135980,5.0
683,146811,5.0
683,146317,5.0
683,138535,5.0
683,137490,5.0
683,147751,5.0
683,146453,5.0
683,147303,5.0
683,140157,5.0
683,137473,5.0
683,139815,5.0
683,138424,5.0
683,146020,5.0
683,143092,5.0
683,135258,5.0
683,143437,5.0
683,135395,5.0
683,135009,5.0
683,140997,5.0
683,144023,5.0
683,143394,5.0
683,137561,5.0
115,144112,4.0
115,142820,4.0
115,137980,5.0
115,139637,5.0
115,144832,5.0
115,141938,5.0
230,145000,4.0
230,135987,4.0
230,138352,3.0
230,143291,4.0
230,137204,1.0
230,137186,4.0
230,139308,3.0
230,139565,4.0
230,147167,4.0
230,145589,2.0
230,140524,4.0
230,141432,4.0
230,135372,3.0
230,141768,3.0
230,136036,3.0
230,137698,3.0
230,147435,4.0
230,139225,1.0
230,146177,3.0
230,139608,5.0
230,147682,3.0
230,143842,5.0
230,137216,5.0
230,138932,2.0
56,146298,5.0
56,141988,5.0
56,140568,5.0
56,138354,5.0
56,147462,5.0
56,136464,5.0
43,138639,4.0
43,140562,4.0
43,143164,5.0
43,135168,4.0
43,142984,5.0
43,141035,3.0
974,142990,5.0
974,141003,5.0
974,141976,5.0
974,145887,5.0
974,144232,5.0
871,139313,4.0
871,144965,5.0
871,136811,5.0
871,145564,5.0
871,143173,5.0
871,147373,5.0
871,138610,5.0
871,137423,5.0
701,139562,5.0
701,139519,5.0
701,147802,5.0
701,142305,5.0
701,144806,5.0
701,146033,5.0
701,147722,5.0
701,143893,5.0
223,145384,5.0
223,143135,5.0
223,135828,5.0
223,141029,5.0
223,146071,5.0
223,135213,5.0
850,135224,5.0
850,137578,5.0
850,146559,5.0
850,143713,5.0
850,137110,5.0
732,142146,5.0
732,134977,5.0
732,138048,5.0
732,141405,5.0
732,146018,5.0
453,147852,5.0
453,136948,5.0
453,140393,5.0
453,136702,5.0
453,147755,5.0
453,144765,5.0
453,147675,5.0
453,147633,5.0
453,147531,5.0
453,139683,5.0
453,138853,5.0
453,143260,5.0
453,146169,5.0
453,138503,5.0
453,137999,5.0
453,135968,5.0
453,145111,5.0
453,140306,5.0
453,145236,5.0
453,135702,5.0
453,144937,5.0
453,144946,5.0
453,141081,5.0
453,135607,5.0
453,142247,5.0
453,143943,5.0
453,136953,5.0
453,137118,5.0
453,136801,5.0
453,141270,5.0
453,137741,5.0
453,146404,5.0
453,146180,5.0
453,139948,5.0
453,145593,5.0
453,147103,5.0
453,146010,5.0
453,142349,5.0
453,137666,5.0
453,141713,5.0
453,140659,5.0
453,138417,5.0
453,139594,5.0
453,137109,5.0
453,143827,5.0
453,144278,5.0
453,140954,5.0
453,137084,5.0
453,141518,5.0
453,145311,5.0
453,144108,5.0
1159,139982,5.0
1159,141829,5.0
1159,138181,5.0
1159,137667,5.0
1159,138083,4.0
1159,135123,5.0
1159,140724,5.0
1159,137994,5.0
743,140264,4.0
743,138789,4.0
743,144207,4.0
743,144809,4.0
743,146288,4.0
743,137509,4.0
743,142261,4.0
743,141624,4.0
743,147618,4.0
952,135557,5.0
952,147720,5.0
952,135900,3.0
952,147561,4.0
952,134979,5.0
952,145166,4.0
1272,135706,5.0
1272,145609,5.0
1272,141256,5.0
1272,135098,5.0
1272,143286,5.0
110,141243,5.0
110,137963,5.0
110,135810,5.0
110,141989,5.0
110,147862,5.0
433,140208,5.0
433,142942,5.0
433,136665,5.0
433,140234,5.0
433,140382,5.0
433,145994,5.0
433,139231,5.0
49,139958,5.0
49,143100,5.0
49,139378,5.0
49,137615,5.0
49,146447,5.0
744,136828,5.0
744,139733,5.0
744,141393,5.0
744,146887,5.0
744,146097,5.0
1120,143509,5.0
1120,137552,5.0
1120,140765,4.0
1120,143101,5.0
1120,145002,5.0
1120,143960,5.0
1120,144282,4.0
1120,147785,5.0
1120,139972,5.0
1120,146990,4.0
1147,147017,5.0
1147,146202,5.0
1147,135633,5.0
1147,146787,5.0
1147,135277,5.0
1147,146459,5.0
1147,143389,5.0
1147,140104,5.0
1147,136503,4.0
1147,134978,5.0
1147,137870,5.0
1147,138715,5.0
1147,138624,5.0
1147,136609,5.0
1147,143816,5.0
1147,147763,5.0
1147,140194,5.0
1147,147784,5.0
582,142784,5.0
582,147107,5.0
582,137538,5.0
582,147797,5.0
582,141063,5.0
582,143468,4.0
582,140303,5.0
582,143421,5.0
582,136441,5.0
582,146085,5.0
582,138010,5.0
582,141125,5.0
582,135854,5.0
582,137962,5.0
582,140608,5.0
582,143014,5.0
788,136268,5.0
788,138412,5.0
788,136955,5.0
788,142127,5.0
788,147688,5.0
788,147012,5.0
788,139475,5.0
788,138001,4.0
788,138013,4.0
122,135150,5.0
122,139718,4.0
122,145527,5.0
122,139534,4.0
122,139251,5.0
1294,147427,5.0
1294,140605,5.0
1294,146397,2.0
1294,139752,5.0
1294,142338,5.0
688,143241,5.0
688,146053,5.0
688,146316,5.0
688,140784,5.0
688,134927,5.0
688,147220,5.0
1317,136289,5.0
1317,147473,5.0
1317,135870,5.0
1317,145307,5.0
1317,142639,5.0
1317,143469,5.0
1317,146383,5.0
1317,139521,5.0
1317,134988,5.0
1317,137964,5.0
1317,138839,5.0
1317,135863,5.0
1317,142649,5.0
1317,141278,4.0
1317,140241,5.0
1254,142995,5.0
1254,135407,5.0
1254,144032,5.0
1254,136758,5.0
1254,136691,5.0
1254,136156,5.0
1254,141981,5.0
544,142836,1.0
544,144867,5.0
544,136422,5.0
544,135084,5.0
544,139660,4.0
544,143705,5.0
544,137996,5.0
544,145615,5.0
28,138604,5.0
28,135795,5.0
28,146297,5.0
28,147705,5.0
28,142753,5.0
864,146974,5.0
864,137034,5.0
864,146214,5.0
864,135520,5.0
864,138817,5.0
474,145812,4.0
474,145989,5.0
474,136757,5.0
474,137249,5.0
474,138365,5.0
474,146736,5.0
474,141803,5.0
276,140044,5.0
276,137971,5.0
276,143897,5.0
276,146781,5.0
276,138766,5.0
276,135011,5.0
1023,144042,5.0
1023,146211,5.0
1023,145894,2.0
1023,141948,4.0
1023,146902,4.0
1023,144027,2.0
665,146856,5.0
665,141997,5.0
665,142887,4.0
665,141149,4.0
665,137252,5.0
369,136747,5.0
369,142328,5.0
369,146754,5.0
369,143033,5.0
369,135639,5.0
369,144526,5.0
340,146529,5.0
340,143461,5.0
340,136251,5.0
340,139248,5.0
340,141593,5.0
400,136769,5.0
400,144071,5.0
400,135249,5.0
400,143769,5.0
400,141192,5.0
400,146296,5.0
400,134849,5.0
400,142164,5.0
400,147323,5.0
387,146576,5.0
387,137123,5.0
387,136578,5.0
387,138493,4.0
387,137379,4.0
387,147683,5.0
387,137949,5.0
387,143237,4.0
68,144256,5.0
68,142524,5.0
68,145343,5.0
68,143163,4.0
68,141550,5.0
637,138623,4.0
637,147333,5.0
637,141982,4.0
637,142941,2.0
637,143301,4.0
637,137779,4.0
637,140793,4.0
637,140826,4.0
637,146804,3.0
637,136590,5.0
637,136216,5.0
637,138795,5.0
1242,136476,5.0
1242,146817,5.0
1242,147082,5.0
1242,137728,5.0
1242,138608,5.0
1242,141453,5.0
1242,135987,5.0
1242,141160,5.0
1242,139501,5.0
1242,147880,5.0
1242,138558,5.0
1345,145009,5.0
1345,140728,5.0
1345,147368,5.0
1345,144520,5.0
1345,140050,5.0
1345,139451,5.0
1345,143912,5.0
1345,147700,5.0
1345,147400,1.0
306,145757,5.0
306,135981,5.0
306,135608,5.0
306,142960,5.0
306,145556,5.0
306,138579,5.0
306,143876,5.0
306,141446,5.0
975,140942,5.0
975,145145,5.0
975,147680,5.0
975,139228,5.0
975,143777,5.0
975,141248,5.0
975,145886,5.0
90,139441,4.0
90,142322,4.0
90,138547,3.0
90,146711,5.0
90,147800,5.0
90,145040,5.0
90,144330,3.0
90,140520,5.0
140,146648,5.0
140,141307,5.0
140,142035,5.0
140,143337,5.0
140,144445,4.0
140,146768,4.0
140,141037,5.0
658,139633,5.0
658,134941,5.0
658,138526,5.0
658,137902,5.0
658,135905,5.0
658,134844,5.0
658,147676,5.0
658,136753,5.0
658,147197,5.0
658,145817,5.0
658,138477,5.0
658,146958,5.0
658,136100,5.0
658,135628,5.0
658,139535,5.0
658,136548,5.0
673,136011,5.0
673,147365,5.0
673,137831,5.0
673,136055,5.0
673,143398,5.0
673,144014,5.0
1240,147153,5.0
1240,136277,5.0
1240,140465,5.0
1240,140070,5.0
1240,138373,5.0
1240,136329,5.0
1240,139230,5.0
553,138900,5.0
553,141557,5.0
553,147342,5.0
553,134870,5.0
553,143277,5.0
1299,142815,5.0
1299,144062,5.0
1299,143196,5.0
1299,136142,5.0
1299,145907,5.0
1299,143518,5.0
1299,144822,5.0
661,144818,5.0
661,147587,5.0
661,136074,5.0
661,143023,4.0
661,142076,5.0
661,141770,5.0
961,136221,5.0
961,136829,5.0
961,142476,5.0
961,145962,5.0
961,139120,5.0
961,140852,5.0
961,146295,5.0
961,140064,5.0
1257,140389,5.0
1257,147365,5.0
1257,135510,5.0
1257,147655,4.0
1257,136216,5.0
352,143709,5.0
352,147031,5.0
352,139988,5.0
352,138888,5.0
352,146263,5.0
352,142891,5.0
352,137659,5.0
352,134872,5.0
352,143517,5.0
1102,144111,5.0
1102,141833,5.0
1102,140730,5.0
1102,136728,5.0
1102,147450,5.0
1102,139549,5.0
1102,136034,5.0
1102,147139,5.0
1102,136358,5.0
1102,146961,5.0
1102,145814,5.0
1102,145246,5.0
1102,136611,5.0
1102,143928,5.0
1102,138016,5.0
1102,141158,5.0
1102,147649,5.0
1102,139381,5.0
1102,141034,5.0
1102,135481,4.0
1102,147610,4.0
1102,142893,5.0
1102,138620,4.0
1102,138864,5.0
1102,147049,5.0
1102,145678,5.0
1102,144363,5.0
1102,143034,5.0
1102,139936,5.0
1102,147738,5.0
1102,137755,5.0
1102,136777,5.0
1102,146121,4.0
1102,135501,5.0
1102,142685,5.0
1102,137148,5.0
1102,135802,5.0
1102,135409,5.0
1102,139725,5.0
1102,137098,4.0
1102,147783,4.0
1102,135912,4.0
1102,143862,4.0
1102,143244,4.0
1102,137840,4.0
1102,142605,4.0
1102,136430,4.0
1102,143540,4.0
1102,146585,4.0
1102,146797,4.0
1102,145655,4.0
1102,147654,5.0
1102,141835,4.0
1102,137783,4.0
1102,139261,4.0
1102,144757,4.0
1102,141856,4.0
1102,140892,4.0
1102,141792,4.0
1102,135188,4.0
1102,137184,4.0
1102,143924,5.0
1102,144516,5.0
1102,144595,5.0
1102,142358,4.0
1102,138297,4.0
1102,146398,5.0
1102,147052,4.0
1102,140204,4.0
1102,142822,3.0
1102,142327,4.0
1102,146987,4.0
1102,137553,4.0
1102,135215,4.0
1102,144962,4.0
1102,141924,4.0
1102,147283,4.0
1102,140110,4.0
1102,137356,4.0
1102,138355,4.0
1102,142177,4.0
1102,138634,4.0
1102,144697,4.0
1102,137973,5.0
1102,136006,4.0
1102,146485,4.0
1102,142232,4.0
1102,145521,4.0
1102,143217,4.0
1102,137433,4.0
1102,139055,4.0
1102,139299,5.0
1102,142578,4.0
1102,139969,4.0
1102,139655,4.0
1102,140674,4.0
1102,140518,4.0
1102,146120,4.0
1102,144920,4.0
1102,136912,4.0
1102,145508,4.0
1102,142797,4.0
1102,142372,4.0
1102,135147,4.0
1102,134883,4.0
1102,142522,4.0
1102,147225,4.0
1102,141164,4.0
1102,147039,4.0
1102,146150,4.0
1102,145799,4.0
1102,138865,4.0
1102,139002,4.0
1102,143248,4.0
1102,136205,4.0
1102,145369,4.0
1102,143174,4.0
1102,146079,4.0
1102,137277,4.0
1102,136748,4.0
1102,146253,4.0
1102,143411,4.0
1102,137807,4.0
1102,137341,4.0
1102,137946,4.0
1102,136592,4.0
104,142406,5.0
104,143401,5.0
104,144380,5.0
104,138446,5.0
104,139000,5.0
104,146396,5.0
104,147616,5.0
104,142573,5.0
104,137438,5.0
104,138668,5.0
104,137168,5.0
104,135765,5.0
104,135504,5.0
104,138962,5.0
104,146409,5.0
104,144694,5.0
668,147714,5.0
668,140684,5.0
668,145027,5.0
668,135109,4.0
668,145689,5.0
668,145296,5.0
668,144398,4.0
668,140686,5.0
777,137950,5.0
777,143789,5.0
777,136469,4.0
777,136306,4.0
777,145760,5.0
777,146105,5.0
777,138974,5.0
777,146952,5.0
777,138862,5.0
777,147128,5.0
966,140971,5.0
966,142193,5.0
966,141238,5.0
966,142226,5.0
966,143729,5.0
966,145737,5.0
700,143530,3.0
700,147370,4.0
700,138831,4.0
700,139448,4.0
700,145533,4.0
700,147902,4.0
700,147152,4.0
700,144098,4.0
700,141179,5.0
700,139985,4.0
700,145849,4.0
700,134980,4.0
700,136307,5.0
700,140333,5.0
633,136384,4.0
633,147458,3.0
633,136457,4.0
633,147284,4.0
633,142825,4.0
633,135616,5.0
633,143314,5.0
847,144591,5.0
847,139135,5.0
847,144518,4.0
847,142725,5.0
847,140798,5.0
413,135069,5.0
413,139224,5.0
413,141841,5.0
413,137226,5.0
413,137768,5.0
413,145411,5.0
413,136342,5.0
413,142486,5.0
413,144135,5.0
413,136182,5.0
413,146330,5.0
413,135516,5.0
413,147046,5.0
413,147212,5.0
413,137321,5.0
413,141204,5.0
413,139848,5.0
413,141570,5.0
413,146532,5.0
1291,145323,4.0
1291,141950,3.0
1291,141174,3.0
1291,144807,4.0
1291,139919,3.0
1291,138893,4.0
32,142004,5.0
32,145022,5.0
32,135972,5.0
32,139208,4.0
32,145446,5.0
32,143986,5.0
441,142914,5.0
441,135220,5.0
441,142914,5.0
441,135220,5.0
441,142914,5.0
441,135220,5.0
470,140053,5.0
470,141361,5.0
470,146237,5.0
470,136498,4.0
470,144849,5.0
470,142314,5.0
470,134922,5.0
470,145709,4.0
470,140195,4.0
470,137539,5.0
470,147387,3.0
470,140723,4.0
470,146243,4.0
470,145850,4.0
470,144636,5.0
470,139333,5.0
470,136816,4.0
470,140168,5.0
470,138101,5.0
470,145046,5.0
470,145395,4.0
470,141443,5.0
470,135594,5.0
855,141201,5.0
855,141280,5.0
855,146080,5.0
855,136945,5.0
855,147150,5.0
855,145105,5.0
1278,146923,3.0
1278,137974,4.0
1278,144391,4.0
1278,134946,4.0
1278,139039,3.0
1278,135861,5.0
1278,135396,5.0
1278,142839,5.0
1278,134941,5.0
1278,135426,5.0
681,134928,5.0
681,141846,5.0
681,140897,5.0
681,142723,5.0
681,146848,5.0
681,144558,4.0
681,135743,5.0
681,141442,5.0
681,135231,5.0
681,142708,5.0
1326,147106,5.0
1326,146218,5.0
1326,145875,5.0
1326,144981,5.0
1326,141906,5.0
516,143436,5.0
516,138173,5.0
516,140412,5.0
516,142906,4.0
516,145530,5.0
516,145462,5.0
516,145590,5.0
1160,139281,5.0
1160,145016,5.0
1160,135361,5.0
1160,147053,5.0
1160,140079,5.0
1160,136672,5.0
1160,146949,5.0
1160,146555,4.0
1160,139035,5.0
1160,137570,5.0
1160,146337,5.0
1160,141219,5.0
488,136022,5.0
488,142249,5.0
488,143201,5.0
488,141745,5.0
488,139666,5.0
488,141608,5.0
488,137290,5.0
488,143279,5.0
488,145522,5.0
488,141533,5.0
488,136168,5.0
488,144016,5.0
488,146969,5.0
488,138196,5.0
371,143949,5.0
371,142065,5.0
371,143317,5.0
371,141322,5.0
371,144133,5.0
371,147110,5.0
371,146706,5.0
371,136768,5.0
371,135602,5.0
1190,144573,4.0
1190,140452,4.0
1190,145398,4.0
1190,144653,5.0
1190,135796,4.0
1190,146777,5.0
1190,140626,4.0
1190,143225,5.0
1190,141123,5.0
1216,146152,4.0
1216,134947,5.0
1216,147159,4.0
1216,139742,5.0
1216,136154,4.0
1216,137463,4.0
1216,138806,3.0
1216,143913,3.0
1216,146718,3.0
1216,139042,3.0
1216,146681,3.0
1216,139524,4.0
1216,137712,4.0
1216,144361,4.0
1216,145221,4.0
1216,142930,4.0
1216,136889,4.0
1216,137721,4.0
1216,147768,4.0
1216,139336,4.0
1216,137145,4.0
1216,136786,4.0
1216,145900,2.0
1216,145555,4.0
1216,145462,5.0
1216,142586,4.0
954,138108,5.0
954,144791,5.0
954,138904,4.0
954,141960,5.0
954,134946,5.0
954,144168,5.0
876,145775,5.0
876,147163,5.0
876,136266,4.0
876,136359,3.0
876,135890,4.0
876,135885,5.0
876,147285,4.0
213,146212,5.0
213,146566,5.0
213,144522,4.0
213,139890,5.0
213,137611,4.0
213,136302,5.0
353,137511,5.0
353,143293,4.0
353,141784,5.0
353,139075,1.0
353,147419,3.0
353,141143,4.0
353,137272,5.0
1246,135047,1.0
1246,146331,1.0
1246,144468,1.0
1246,139850,3.0
1246,138347,1.0
93,136674,1.0
93,141643,5.0
93,142360,5.0
93,137197,5.0
93,143453,5.0
93,146310,5.0
93,139851,5.0
93,144018,5.0
307,138557,5.0
307,145325,4.0
307,135864,5.0
307,139971,5.0
307,136543,5.0
940,135289,5.0
940,139750,5.0
940,146045,5.0
940,139790,3.0
940,141336,5.0
940,144914,5.0
940,147276,5.0
507,147655,5.0
507,147365,5.0
507,147655,5.0
507,147365,5.0
507,147655,5.0
507,147365,5.0
507,147655,5.0
507,147365,5.0
234,136901,5.0
234,139113,5.0
234,137350,5.0
234,140533,4.0
234,138705,5.0
234,135641,5.0
234,144402,5.0
234,142583,4.0
234,137078,5.0
234,138080,5.0
234,141874,5.0
234,147326,4.0
234,136894,5.0
234,145249,4.0
234,140820,4.0
234,137867,5.0
234,135771,4.0
234,136666,4.0
234,147329,5.0
234,138096,4.0
234,140958,5.0
234,140078,4.0
234,136249,4.0
234,139618,5.0
234,145662,4.0
234,147069,3.0
234,138309,5.0
234,145018,4.0
234,136331,5.0
234,139887,4.0
234,143263,5.0
234,142513,5.0
234,146618,4.0
234,146735,4.0
234,142660,5.0
234,144053,5.0
234,136901,5.0
234,139113,5.0
234,137350,5.0
234,140533,4.0
234,138705,5.0
234,135641,5.0
234,144402,5.0
234,142583,4.0
234,137078,5.0
234,138080,5.0
234,141874,5.0
234,147326,4.0
234,136894,5.0
234,145249,4.0
234,140820,4.0
234,137867,5.0
234,135771,4.0
234,136666,4.0
234,147329,5.0
234,138096,4.0
234,140958,5.0
234,140078,4.0
234,136249,4.0
234,139618,5.0
234,145662,4.0
234,147069,3.0
234,138309,5.0
234,145018,4.0
234,136901,5.0
234,139113,5.0
234,137350,5.0
234,140533,4.0
234,138705,5.0
234,136901,5.0
234,139113,5.0
234,137350,5.0
234,140533,4.0
234,138705,5.0
234,135641,5.0
234,144402,5.0
234,142583,4.0
234,137078,5.0
234,138080,5.0
234,141874,5.0
234,147326,4.0
234,136894,5.0
234,145249,4.0
234,140820,4.0
234,137867,5.0
234,135771,4.0
234,136666,4.0
234,147329,5.0
234,138096,4.0
234,140958,5.0
234,140078,4.0
234,136901,5.0
234,139113,5.0
234,137350,5.0
234,140533,4.0
234,138705,5.0
234,135641,5.0
234,144402,5.0
234,142583,4.0
234,137078,5.0
234,138080,5.0
234,141874,5.0
234,147326,4.0
234,136894,5.0
234,145249,4.0
234,140820,4.0
234,137867,5.0
234,135771,4.0
234,136666,4.0
234,147329,5.0
234,138096,4.0
234,140958,5.0
234,140078,4.0
234,136249,4.0
234,139618,5.0
234,145662,4.0
234,147069,3.0
234,138309,5.0
234,145018,4.0
234,136331,5.0
234,139887,4.0
234,143263,5.0
234,142513,5.0
234,146618,4.0
234,146735,4.0
234,142660,5.0
234,144053,5.0
234,145172,5.0
234,142369,5.0
234,138376,5.0
391,135539,5.0
391,147550,5.0
391,147223,5.0
391,138546,5.0
391,143745,5.0
363,140486,5.0
363,146363,5.0
363,147132,5.0
978,139805,4.0
978,137169,4.0
978,140418,4.0
978,147243,4.0
978,145558,4.0
395,142638,3.0
395,141890,5.0
395,135461,5.0
395,142638,3.0
395,141890,5.0
395,135461,5.0
478,137746,5.0
478,138435,5.0
478,139266,5.0
478,140803,5.0
478,147592,5.0
401,141584,5.0
401,147825,5.0
401,139117,5.0
401,144500,5.0
401,143218,5.0
849,141612,4.0
849,138368,4.0
849,139871,4.0
849,137079,4.0
849,137650,4.0
228,143182,5.0
228,137717,5.0
228,137558,4.0
228,146941,2.0
228,142894,4.0
228,140786,4.0
468,140767,5.0
468,142437,5.0
468,145583,5.0
468,139869,5.0
468,140775,5.0
468,135484,5.0
468,138186,5.0
269,136647,3.0
269,140724,1.0
269,145113,5.0
269,138534,5.0
269,146134,1.0
269,140645,1.0
269,135629,4.0
207,145724,5.0
207,145920,5.0
207,145830,5.0
207,135918,5.0
207,142228,4.0
515,141809,1.0
515,141992,5.0
515,140442,5.0
515,141676,5.0
515,135709,5.0
515,141809,1.0
515,141992,5.0
515,140442,5.0
515,141676,5.0
515,135709,5.0
260,144688,5.0
260,144688,5.0
260,144688,5.0
260,144688,5.0
260,144688,5.0
293,140748,5.0
293,137610,5.0
293,136636,5.0
293,147100,5.0
293,140948,5.0
1075,146642,5.0
1075,134895,5.0
1075,147916,5.0
1075,146642,5.0
1075,134895,5.0
1075,147916,5.0
682,147264,3.0
682,141007,4.0
682,147264,3.0
682,141007,4.0
682,147264,3.0
682,141007,4.0
682,147264,3.0
682,141007,4.0
682,147264,3.0
682,141007,4.0
682,147264,3.0
682,141007,4.0
1306,138235,2.0
1306,139988,5.0
1306,135608,5.0
1306,146263,5.0
1306,140642,5.0
1306,140307,5.0
1152,140420,5.0
1152,138729,4.0
1152,136729,5.0
1152,141560,5.0
1152,141410,5.0
34,146866,5.0
34,146683,5.0
34,136232,5.0
34,138450,5.0
34,135753,5.0
34,142606,4.0
34,139250,5.0
34,146866,5.0
34,146683,5.0
34,136232,5.0
34,138450,5.0
34,135753,5.0
34,142606,4.0
34,139250,5.0
773,135029,5.0
773,136409,5.0
773,147203,5.0
773,142662,5.0
773,141877,5.0
297,138105,5.0
297,138984,5.0
297,146667,5.0
297,135582,5.0
297,146573,4.0
297,137208,4.0
297,134931,5.0
552,135749,4.0
552,147539,5.0
552,135749,4.0
552,147539,5.0
552,135749,4.0
552,147539,5.0
552,135749,4.0
552,147539,5.0
552,135749,4.0
552,147539,5.0
552,135749,4.0
552,147539,5.0
235,138427,4.0
235,136844,3.0
235,147829,3.0
235,146721,3.0
235,137392,4.0
394,144785,5.0
394,145816,5.0
394,140069,5.0
394,136815,5.0
394,139589,5.0
1017,144696,4.0
1017,145489,4.0
1017,141119,5.0
1017,142236,5.0
1017,142108,5.0
1017,137138,5.0
237,138537,5.0
237,140394,5.0
237,134842,5.0
237,145201,4.0
237,137654,4.0
237,139454,4.0
1343,144277,5.0
1343,136059,5.0
1343,146979,5.0
1343,142801,5.0
1343,145376,5.0
1290,136911,5.0
1290,136911,5.0
1290,136911,5.0
1290,136911,5.0
1290,136911,5.0
1290,136911,5.0
1193,138081,4.0
1193,138779,4.0
1193,137159,5.0
1193,139149,5.0
1193,144658,5.0
837,146087,5.0
837,145643,5.0
837,146182,5.0
837,143695,5.0
837,135018,5.0
144,146749,5.0
144,146749,5.0
144,146749,5.0
144,146749,5.0
144,146749,5.0
156,142205,5.0
156,138385,5.0
156,137675,5.0
156,136401,5.0
156,140370,5.0
