1234,135977,4.0
1234,146876,4.0
1234,140604,4.0
1234,141978,4.0
1234,145851,4.0
1234,137916,5.0
1234,139227,3.0
1234,142686,3.0
1234,142913,5.0
915,140374,5.0
915,143778,5.0
915,142129,5.0
915,142047,5.0
915,135534,5.0
915,137763,5.0
915,139929,5.0
915,146089,4.0
915,140661,5.0
915,139845,5.0
915,140633,5.0
915,144502,5.0
915,137745,5.0
915,142001,5.0
915,138641,3.0
915,146827,5.0
915,144153,5.0
915,135369,5.0
915,142260,5.0
915,140929,5.0
915,140457,5.0
915,145985,5.0
915,141830,4.0
915,138509,5.0
915,146400,5.0
915,147554,5.0
915,142094,5.0
915,140905,5.0
915,144436,5.0
915,135778,5.0
915,140738,4.0
915,144669,5.0
915,142439,5.0
915,137252,5.0
915,147027,5.0
915,139127,5.0
915,141692,5.0
915,136818,5.0
782,146234,5.0
782,145561,5.0
782,147897,4.0
782,145384,5.0
782,141261,5.0
88,145414,5.0
88,136427,5.0
88,144889,5.0
88,145202,5.0
88,135124,4.0
88,146370,5.0
88,147006,5.0
88,137795,5.0
88,141782,4.0
88,143579,5.0
88,147885,5.0
88,144129,5.0
1300,140660,4.0
1300,145178,3.0
1300,141918,5.0
1300,138617,5.0
1300,137190,5.0
1300,147939,4.0
1300,143481,4.0
1300,139411,4.0
1300,142880,4.0
1300,138784,4.0
1300,140236,5.0
1300,137985,5.0
1300,146908,4.0
1300,143831,5.0
1300,145292,4.0
1300,134856,5.0
1300,140226,5.0
1300,137978,5.0
1300,146287,4.0
1300,147340,5.0
1300,144374,4.0
1300,135541,5.0
1300,135951,5.0
1300,137022,5.0
107,138063,5.0
107,141498,5.0
107,140425,5.0
107,137872,5.0
107,141471,5.0
107,135621,5.0
107,139558,5.0
107,135903,5.0
107,139063,5.0
107,138700,5.0
107,139651,3.0
107,145109,4.0
107,137235,5.0
107,146136,5.0
107,147668,5.0
107,138657,5.0
107,139017,5.0
107,137864,5.0
107,139183,5.0
107,135189,5.0
107,138712,5.0
107,138926,5.0
107,141372,5.0
107,145571,4.0
766,145876,5.0
766,146918,5.0
766,145404,4.0
766,139325,5.0
766,140544,4.0
766,146342,5.0
766,135744,2.0
766,144969,2.0
766,134961,5.0
766,141187,4.0
766,144887,5.0
766,139582,4.0
766,146750,4.0
764,142300,5.0
764,137017,5.0
764,138191,5.0
764,138554,2.0
764,139743,5.0
764,140575,5.0
147,141458,5.0
147,145058,4.0
147,143141,4.0
147,143055,5.0
147,137262,5.0
147,146514,5.0
533,140096,5.0
533,142545,5.0
533,142934,5.0
533,146239,5.0
533,147653,5.0
533,140789,5.0
533,147205,5.0
533,141935,5.0
533,139597,5.0
533,146847,5.0
533,144486,5.0
533,136245,5.0
533,144275,5.0
1267,145918,5.0
1267,137072,5.0
1267,135446,5.0
1267,142951,5.0
1267,146852,5.0
1267,144295,5.0
1267,136587,5.0
1267,141296,5.0
332,138034,5.0
332,146935,5.0
332,144386,5.0
332,143799,3.0
332,146868,5.0
332,145196,4.0
332,139720,5.0
332,135382,5.0
332,138201,5.0
550,142664,5.0
550,137945,5.0
550,143692,5.0
550,145710,5.0
550,137664,5.0
550,141849,5.0
1131,142798,5.0
1131,146611,4.0
1131,140372,5.0
1131,145931,5.0
1131,135681,5.0
1131,144199,5.0
1131,145214,5.0
1001,134863,5.0
1001,147353,5.0
1001,137925,2.0
1001,135550,5.0
1001,142309,5.0
1163,147865,5.0
1163,147747,5.0
1163,138062,4.0
1163,138596,5.0
1163,136727,5.0
1163,136018,5.0
1163,144239,5.0
1163,146590,5.0
1163,144706,5.0
972,135580,5.0
972,142337,5.0
972,144019,5.0
972,145024,5.0
972,144662,5.0
206,137703,5.0
206,137926,5.0
206,141539,5.0
206,138205,5.0
206,137823,5.0
806,138730,4.0
806,140649,5.0
806,145729,4.0
806,144297,3.0
806,144080,5.0
806,142419,4.0
1235,145053,5.0
1235,144882,4.0
1235,136150,4.0
1235,145053,5.0
1235,144882,4.0
1235,136150,4.0
852,140006,3.0
852,140096,5.0
852,135618,4.0
852,138635,1.0
852,144864,5.0
852,137043,5.0
852,138428,5.0
852,146433,5.0
852,136975,4.0
852,137338,2.0
473,145051,5.0
473,141121,5.0
473,142055,5.0
473,141609,5.0
473,145167,5.0
473,143524,5.0
473,141569,5.0
473,135441,5.0
473,145435,5.0
1312,141800,5.0
1312,137929,5.0
1312,144395,5.0
1312,143148,5.0
1312,145754,5.0
114,140692,5.0
114,139154,5.0
114,137844,5.0
114,143232,3.0
114,135000,3.0
114,146539,5.0
114,142938,5.0
55,146748,5.0
55,141959,5.0
55,146025,5.0
55,135368,5.0
55,143215,5.0
55,138193,5.0
55,137970,5.0
176,141191,2.0
176,141925,1.0
176,137790,1.0
176,147570,5.0
176,143006,1.0
176,147867,1.0
176,136604,1.0
176,138942,1.0
785,136771,5.0
785,141821,5.0
785,138877,5.0
785,144890,5.0
785,146044,5.0
785,143843,5.0
785,145797,5.0
785,136445,5.0
785,141100,5.0
785,141693,5.0
785,143934,5.0
785,143142,5.0
785,146057,5.0
785,139095,5.0
73,142528,5.0
73,142812,5.0
73,138982,5.0
73,147406,3.0
73,143589,5.0
1096,137630,5.0
1096,137531,5.0
1096,144446,5.0
1096,138841,5.0
1096,136718,5.0
158,144943,5.0
158,147282,5.0
158,135008,5.0
158,135266,5.0
158,144963,5.0
158,135684,5.0
158,139126,5.0
158,137102,5.0
514,143693,4.0
514,136639,5.0
514,144953,5.0
514,147227,5.0
514,144639,5.0
712,139126,5.0
712,140941,5.0
712,142913,5.0
712,135835,5.0
712,142457,4.0
712,138794,5.0
712,141761,5.0
933,142529,5.0
933,145579,5.0
933,136708,5.0
933,146497,5.0
933,141712,5.0
933,144933,5.0
933,141397,5.0
937,137830,5.0
937,147140,5.0
937,134899,5.0
937,141634,5.0
937,145669,5.0
937,140729,5.0
937,141805,5.0
937,136788,5.0
937,138946,5.0
278,147604,5.0
278,136826,5.0
278,135329,3.0
278,139237,4.0
278,143999,4.0
278,142989,4.0
249,140818,3.0
249,138694,5.0
249,140438,5.0
249,141762,5.0
249,145602,5.0
249,146049,5.0
249,137695,5.0
249,146431,5.0
249,146884,4.0
249,145901,5.0
249,145546,1.0
579,144120,4.0
579,137183,5.0
579,143029,4.0
579,139032,5.0
579,147517,5.0
1118,142718,5.0
1118,140975,4.0
1118,145198,5.0
1118,146193,5.0
1118,138147,5.0
1191,147745,5.0
1191,142506,5.0
1191,140408,5.0
1191,140467,5.0
1191,137150,5.0
1191,144188,5.0
1191,141247,5.0
1191,147767,5.0
1191,140662,5.0
1191,141702,5.0
1191,140197,5.0
1191,145299,5.0
1191,146960,5.0
1191,147024,5.0
1191,135650,5.0
1191,137044,5.0
494,141963,5.0
494,146533,4.0
494,141102,5.0
494,143344,5.0
494,140732,4.0
494,138006,4.0
494,135456,4.0
494,143905,5.0
898,138795,5.0
898,138478,5.0
898,141441,5.0
898,141567,5.0
898,136905,5.0
305,139003,5.0
305,136038,5.0
305,147805,5.0
305,137637,5.0
305,146440,5.0
305,141501,5.0
305,147878,2.0
264,141719,4.0
264,144714,5.0
264,135096,5.0
264,143677,5.0
264,139118,5.0
264,145949,5.0
264,140879,5.0
264,136774,5.0
264,145676,5.0
264,135929,5.0
264,145645,5.0
264,139072,5.0
264,141428,5.0
264,137474,5.0
264,143791,5.0
264,147497,5.0
264,146108,5.0
264,147229,5.0
264,141892,5.0
264,135620,5.0
264,144274,5.0
264,138246,5.0
264,135688,5.0
264,137000,5.0
264,135022,5.0
264,146268,5.0
264,142876,5.0
264,143494,5.0
264,144052,5.0
264,135066,5.0
264,143147,5.0
264,145399,4.0
264,140579,5.0
264,145910,5.0
264,134967,5.0
264,142159,5.0
264,144068,5.0
264,138998,5.0
264,142324,5.0
264,144200,5.0
264,147609,5.0
264,141112,5.0
264,143266,5.0
264,136468,4.0
264,142909,5.0
1004,143257,5.0
1004,147868,3.0
1004,146574,5.0
1004,136280,4.0
1004,135099,5.0
238,145117,5.0
238,145094,5.0
238,145685,5.0
238,145986,5.0
238,141353,5.0
84,141972,5.0
84,145734,5.0
84,142231,5.0
84,142961,5.0
84,137496,5.0
84,136069,4.0
84,145959,5.0
629,136450,3.0
629,141521,4.0
629,144985,4.0
629,135007,4.0
629,141222,5.0
629,135922,4.0
629,143107,4.0
780,141782,5.0
780,136820,5.0
780,147282,5.0
780,137153,5.0
780,144778,5.0
780,141681,5.0
780,139227,5.0
171,138580,5.0
171,135540,4.0
171,135947,5.0
171,146348,5.0
171,136618,5.0
171,137609,4.0
171,146712,4.0
171,147222,5.0
171,134834,4.0
171,136993,5.0
171,137385,4.0
171,144608,5.0
171,143607,5.0
171,142143,5.0
171,135376,5.0
171,138644,5.0
171,137820,4.0
171,147477,5.0
364,136721,5.0
364,146724,5.0
364,147454,5.0
190,138322,5.0
190,140320,3.0
190,145064,3.0
190,135684,5.0
190,137102,5.0
943,138783,3.0
943,145674,5.0
943,145648,2.0
943,147904,2.0
943,140249,3.0
943,138129,5.0
943,135666,5.0
943,139891,4.0
943,141512,4.0
943,139583,4.0
1088,142928,4.0
1088,141732,4.0
1088,146406,4.0
1088,147630,4.0
1088,138638,4.0
1088,142674,4.0
97,137273,5.0
97,135335,3.0
97,146647,3.0
97,147526,4.0
97,146343,3.0
97,146038,4.0
698,147759,5.0
698,134812,5.0
698,135616,5.0
698,146346,4.0
698,145272,4.0
698,137571,4.0
784,137257,5.0
784,141316,5.0
784,143811,5.0
784,145354,5.0
784,147236,5.0
784,137747,5.0
784,145030,5.0
784,145856,5.0
784,140698,5.0
784,142548,5.0
784,147453,5.0
784,136416,5.0
784,137885,5.0
784,141650,5.0
784,145315,5.0
784,143740,5.0
784,136922,5.0
784,140979,5.0
1297,138834,5.0
1297,135556,5.0
1297,137918,5.0
1297,139561,5.0
1297,142944,5.0
1297,139465,5.0
1297,138699,5.0
1297,139106,5.0
1297,135313,5.0
1297,141157,5.0
1297,138672,5.0
1297,144204,2.0
1297,135581,1.0
1263,147481,3.0
1263,140462,4.0
1263,137141,4.0
1263,136363,4.0
1263,141733,2.0
1263,144715,5.0
1263,143415,3.0
1263,142254,4.0
1263,144611,4.0
1263,142881,3.0
1263,146171,4.0
1263,141281,4.0
1263,146326,4.0
1263,137605,4.0
1263,140667,4.0
1263,137434,3.0
1263,140591,4.0
1263,137446,3.0
1263,137972,3.0
481,138119,4.0
481,136607,5.0
481,142916,5.0
481,138302,4.0
481,136806,5.0
481,139086,5.0
481,138979,5.0
481,141362,5.0
481,145468,5.0
481,142198,5.0
481,144497,5.0
481,141437,5.0
154,137562,5.0
154,138273,5.0
154,146623,4.0
154,135788,5.0
154,136417,5.0
154,139827,5.0
154,143885,5.0
154,136726,5.0
154,136957,5.0
154,138304,5.0
154,138210,5.0
154,142709,5.0
154,140049,5.0
236,146250,5.0
236,146088,5.0
236,145390,5.0
236,140701,5.0
236,143565,5.0
236,143754,5.0
431,134945,3.0
431,143039,5.0
431,140612,4.0
431,136941,5.0
431,135842,4.0
431,136723,5.0
431,144002,5.0
431,140668,5.0
431,136023,5.0
431,141715,4.0
29,146016,5.0
29,141901,5.0
29,136458,5.0
29,143582,5.0
29,142152,5.0
792,143111,5.0
792,139100,5.0
792,143834,5.0
792,147060,5.0
792,138120,5.0
418,145060,4.0
418,135585,5.0
418,146045,5.0
418,139750,5.0
418,134892,5.0
226,139767,5.0
226,139485,5.0
226,141046,5.0
226,137167,5.0
226,136459,5.0
778,144100,5.0
778,141042,1.0
778,138250,5.0
778,144640,5.0
778,137989,5.0
1043,135528,5.0
1043,140847,5.0
1043,139640,5.0
1043,145964,5.0
1043,145929,5.0
1043,137891,5.0
1043,146944,5.0
1043,137957,5.0
1043,145263,5.0
1043,147350,5.0
1043,136201,5.0
1043,145821,5.0
1043,135193,5.0
1043,137655,5.0
1043,141857,5.0
1043,138652,5.0
1043,142628,5.0
1043,140995,5.0
1043,141614,5.0
1043,136123,5.0
1043,142516,5.0
1043,136657,5.0
1043,144815,5.0
1043,137892,5.0
1043,140335,5.0
1043,144309,5.0
1043,145366,5.0
1043,135915,5.0
1043,142465,5.0
1043,135943,5.0
1043,138291,5.0
1043,140504,5.0
1043,146593,5.0
1043,142016,5.0
1043,142816,5.0
1043,142392,5.0
1043,139818,5.0
1043,138289,5.0
1043,138305,5.0
1043,135410,5.0
1043,137113,5.0
1043,135355,5.0
1043,143214,5.0
1043,143456,5.0
1043,135052,5.0
1043,139476,5.0
1043,146488,5.0
1043,141277,5.0
1043,144012,5.0
210,135690,5.0
210,136899,5.0
210,139018,5.0
210,140992,4.0
210,140842,5.0
1154,141298,5.0
1154,135179,5.0
1154,146816,5.0
1154,141912,5.0
1154,137270,5.0
220,144180,4.0
220,141802,4.0
220,143685,5.0
220,139749,5.0
220,146818,5.0
517,140866,4.0
517,146181,5.0
517,139096,5.0
517,146103,5.0
517,140446,5.0
1094,140326,5.0
1094,139122,5.0
1094,141283,5.0
1094,145525,5.0
1094,147628,5.0
1094,145226,5.0
856,139535,5.0
856,147509,5.0
856,141707,5.0
856,145375,5.0
856,147737,5.0
856,146370,5.0
856,135814,5.0
843,143622,5.0
843,135269,5.0
843,140384,5.0
843,138192,5.0
843,136680,5.0
843,141388,5.0
843,147090,2.0
843,139196,5.0
843,141587,5.0
843,141617,5.0
843,138389,5.0
843,144859,5.0
843,145349,5.0
843,139726,5.0
843,139185,5.0
843,146429,5.0
843,136223,5.0
843,141198,5.0
843,138527,5.0
13,143920,3.0
13,136878,2.0
13,145334,4.0
13,135400,4.0
13,139754,4.0
13,146562,5.0
13,138632,3.0
13,136678,5.0
13,142468,3.0
13,142408,4.0
13,144759,3.0
13,146090,3.0
13,135880,2.0
13,135070,3.0
13,144440,3.0
13,141558,5.0
13,137852,4.0
13,140496,3.0
13,146452,3.0
13,138100,2.0
13,144768,4.0
13,135728,4.0
13,142153,5.0
13,135625,5.0
13,145731,2.0
13,142409,4.0
252,136024,5.0
252,147771,4.0
252,143542,5.0
252,147073,4.0
252,141475,5.0
252,135933,3.0
252,139937,2.0
252,143640,5.0
252,147094,1.0
252,142931,3.0
252,137018,5.0
252,142745,5.0
252,145842,5.0
252,142234,4.0
252,145253,4.0
252,147003,2.0
456,143800,5.0
456,143458,5.0
456,145247,5.0
456,140800,5.0
456,143206,5.0
456,136436,4.0
456,142301,5.0
573,146307,5.0
573,141813,5.0
573,134932,5.0
573,139054,5.0
573,139513,5.0
573,138862,5.0
573,144838,5.0
573,146673,5.0
573,146055,5.0
573,137417,5.0
573,140475,5.0
573,136030,5.0
573,137868,5.0
573,143220,5.0
573,144078,5.0
573,134962,5.0
135,140692,5.0
135,139634,5.0
135,146620,5.0
135,147737,5.0
135,142938,5.0
135,147509,5.0
135,145671,5.0
135,138595,4.0
979,145080,5.0
979,138836,5.0
979,136278,5.0
979,140528,3.0
979,145837,5.0
979,135171,4.0
1059,145358,5.0
1059,140162,5.0
1059,146242,5.0
1059,136333,3.0
1059,145611,5.0
1059,136836,5.0
277,147393,5.0
277,143918,5.0
277,147051,5.0
277,139481,5.0
277,136136,5.0
277,137854,5.0
277,139641,5.0
791,146194,5.0
791,139379,5.0
791,144842,5.0
791,142436,4.0
791,147253,3.0
791,138259,5.0
791,143279,5.0
477,138738,5.0
477,146365,5.0
477,147273,5.0
477,140071,4.0
477,141875,4.0
731,147043,5.0
731,140968,5.0
731,146007,4.0
731,142165,5.0
731,146895,5.0
731,138338,5.0
731,143918,5.0
108,140953,4.0
108,139160,5.0
108,139033,3.0
108,140095,5.0
108,146072,5.0
108,147412,5.0
108,145675,4.0
164,143376,5.0
164,144891,5.0
164,141897,5.0
164,135661,5.0
164,137177,5.0
956,136496,5.0
956,137250,5.0
956,145211,4.0
956,144964,5.0
956,134983,4.0
956,141679,5.0
956,137329,5.0
956,147661,3.0
956,146660,5.0
956,138797,4.0
956,141736,5.0
956,143706,5.0
956,136868,5.0
956,142525,5.0
956,146845,4.0
956,142063,5.0
802,147542,5.0
802,136383,5.0
802,145935,5.0
802,136817,5.0
802,138207,5.0
802,137847,3.0
1151,135170,2.0
1151,139170,5.0
1151,146275,1.0
1151,138460,3.0
1151,145463,4.0
638,137758,4.0
638,145728,4.0
638,145176,4.0
638,144367,4.0
638,144057,4.0
1070,138041,5.0
1070,136766,5.0
1070,143419,4.0
1070,147464,5.0
1070,142544,5.0
586,139260,3.0
586,137049,1.0
586,144103,3.0
586,135669,4.0
586,147937,2.0
586,147264,3.0
862,142985,5.0
862,138479,5.0
862,138542,5.0
862,147061,5.0
862,135750,5.0
866,146831,5.0
866,134886,5.0
866,135781,5.0
866,141819,3.0
866,144886,3.0
866,147129,4.0
1204,135443,5.0
1204,144900,5.0
1204,144214,4.0
1204,144033,5.0
1204,147376,5.0
1238,144313,4.0
1238,136831,1.0
1238,143659,5.0
1238,142405,4.0
1238,135464,5.0
1238,140543,4.0
1106,140623,5.0
1106,134907,5.0
1106,143062,5.0
1106,136003,5.0
1106,142458,5.0
1106,140181,5.0
1106,144271,5.0
1106,145930,5.0
1106,138897,5.0
1106,143519,5.0
1106,135987,5.0
1106,137528,5.0
1106,137767,5.0
1106,136958,5.0
1106,135163,5.0
1106,144414,5.0
1106,141536,5.0
702,143850,4.0
702,140597,5.0
702,140267,4.0
702,146834,5.0
702,146217,5.0
702,138149,5.0
702,138870,4.0
702,140224,5.0
702,139648,4.0
702,144220,4.0
702,142719,5.0
702,138180,3.0
702,142050,4.0
702,146598,5.0
1104,137117,5.0
1104,144211,5.0
1104,136350,5.0
1104,142518,5.0
1104,146968,5.0
1104,147816,5.0
1104,141873,5.0
1104,138714,5.0
1104,143672,5.0
1104,145465,5.0
1104,136887,5.0
1104,147525,5.0
1104,139226,5.0
426,139995,5.0
426,144626,3.0
426,136202,5.0
426,137688,5.0
426,142707,3.0
426,137577,1.0
1212,136083,5.0
1212,147227,5.0
1212,146967,5.0
1212,138955,5.0
1212,139960,5.0
924,142423,2.0
924,135301,5.0
924,145751,2.0
924,144960,1.0
924,134901,5.0
722,137526,5.0
722,137230,5.0
722,141360,4.0
722,140026,5.0
722,135888,4.0
722,147538,3.0
722,136855,4.0
949,138188,5.0
949,144340,5.0
949,145650,5.0
949,147732,5.0
949,139297,5.0
949,137231,4.0
949,143068,4.0
949,136669,3.0
949,147726,3.0
772,145859,5.0
772,140123,4.0
772,137956,5.0
772,136138,5.0
772,139561,5.0
38,144929,5.0
38,135463,5.0
38,147916,5.0
38,144324,5.0
38,139174,5.0
38,143458,5.0
38,138483,5.0
38,144659,5.0
420,144193,5.0
420,139427,5.0
420,135088,5.0
420,145831,5.0
420,134899,5.0
669,137361,5.0
669,137501,5.0
669,142935,5.0
669,141097,3.0
669,147612,5.0
1100,139961,5.0
1100,139324,5.0
1100,134869,5.0
1100,140719,5.0
1100,145774,5.0
1100,139262,5.0
1100,138538,5.0
1086,134970,5.0
1086,141621,5.0
1086,144233,5.0
1086,138228,4.0
1086,137565,5.0
1086,135986,5.0
1086,138444,5.0
253,137164,2.0
253,146362,2.0
253,147548,3.0
253,145344,5.0
253,136832,5.0
253,140749,5.0
253,141276,5.0
253,138003,1.0
244,141579,5.0
244,146518,5.0
244,143822,5.0
244,146399,5.0
244,141777,5.0
244,135729,5.0
244,141294,5.0
244,143283,5.0
244,137914,5.0
244,138648,5.0
199,141157,5.0
199,139158,5.0
199,141395,5.0
199,144963,5.0
199,137690,5.0
199,145338,5.0
199,141824,5.0
438,142415,1.0
438,146812,2.0
438,147119,5.0
438,137005,5.0
438,135845,1.0
438,144570,1.0
438,145970,1.0
957,139684,4.0
957,143757,3.0
957,137429,5.0
957,135809,5.0
957,147149,5.0
957,142632,5.0
957,144237,5.0
957,137648,5.0
957,136227,5.0
957,136613,5.0
957,144329,5.0
957,135462,5.0
957,141726,5.0
664,139006,4.0
664,145490,5.0
664,135467,3.0
664,145164,4.0
664,136360,3.0
664,144559,2.0
664,137579,5.0
664,136045,5.0
664,139902,3.0
664,142294,5.0
664,135319,5.0
664,141088,4.0
664,144104,3.0
664,147316,3.0
664,147764,4.0
664,146649,3.0
664,142031,4.0
664,136270,3.0
664,145552,5.0
664,144858,2.0
664,134908,2.0
664,142907,3.0
664,144718,1.0
664,139978,5.0
1097,141858,2.0
1097,143669,5.0
1097,139709,5.0
1097,143533,4.0
1097,137878,4.0
1097,140645,2.0
1097,136780,4.0
719,147743,2.0
719,143450,4.0
719,139730,5.0
719,137409,2.0
719,138175,5.0
719,136720,4.0
719,147386,3.0
719,136862,5.0
914,136599,5.0
914,146307,5.0
914,141813,5.0
914,138785,5.0
914,139513,5.0
1021,136397,5.0
1021,138935,5.0
1021,136562,5.0
1021,147189,5.0
1021,139630,5.0
1021,139389,5.0
1021,137983,5.0
1021,140251,5.0
1021,142477,5.0
1021,146000,5.0
1021,144177,5.0
749,135072,5.0
749,136980,5.0
749,143000,5.0
749,141467,5.0
749,139706,5.0
524,143074,3.0
524,137607,3.0
524,144786,3.0
524,135450,3.0
524,142884,3.0
524,141859,4.0
524,146736,1.0
624,146858,5.0
624,144941,5.0
624,146066,5.0
624,139203,5.0
624,139178,5.0
70,143088,5.0
70,137057,1.0
70,136448,2.0
70,140382,3.0
70,139856,5.0
565,139245,5.0
565,141057,5.0
565,136106,3.0
565,138230,5.0
565,147776,3.0
565,143242,4.0
565,137024,4.0
565,144825,5.0
565,147136,5.0
1339,138594,5.0
1339,146728,5.0
1339,137905,5.0
1339,146541,5.0
1339,142787,5.0
1339,135920,5.0
793,139634,4.0
793,141062,4.0
793,143410,4.0
793,141674,4.0
793,144137,4.0
793,145047,4.0
793,145742,4.0
793,137844,4.0
793,144534,4.0
793,138821,4.0
793,136599,4.0
793,139154,4.0
793,141627,4.0
793,146575,4.0
793,147737,4.0
793,142938,4.0
793,140923,4.0
793,137483,4.0
793,141797,4.0
793,146620,3.0
793,141707,4.0
793,147349,4.0
793,139571,4.0
793,140692,4.0
793,135814,4.0
793,135875,4.0
793,145327,4.0
793,147509,4.0
793,139535,4.0
793,147846,4.0
793,138595,4.0
793,145833,4.0
793,146005,4.0
793,143898,4.0
793,140032,3.0
793,135998,4.0
793,142344,2.0
414,144508,3.0
414,144281,4.0
414,138609,3.0
414,143069,4.0
414,136271,4.0
414,137921,4.0
414,146594,2.0
1230,136504,4.0
1230,142089,5.0
1230,137652,5.0
1230,137812,5.0
1230,137377,5.0
1230,137238,4.0
1230,140093,5.0
1230,143894,5.0
1230,140795,4.0
1230,143839,5.0
1230,136040,5.0
1230,138185,5.0
1057,147830,5.0
1057,139608,5.0
1057,137042,5.0
1057,144004,5.0
1057,140019,4.0
1057,138720,5.0
1057,134838,5.0
1057,142100,5.0
1057,137977,5.0
1057,140721,5.0
1057,134957,5.0
1057,146821,5.0
1057,145277,3.0
1057,140363,5.0
1057,143356,5.0
1057,146675,5.0
1057,143259,5.0
1057,147331,4.0
1057,137265,5.0
1057,146549,5.0
1057,137318,5.0
1057,140665,5.0
1057,145596,4.0
1057,136849,4.0
1057,137402,5.0
1057,142365,2.0
1057,140269,3.0
1057,146255,4.0
1057,145300,5.0
1057,142591,5.0
1057,140934,4.0
1057,143808,4.0
1057,139814,3.0
1057,140483,4.0
1057,136853,3.0
1057,139054,4.0
1057,144838,5.0
1057,141749,5.0
1057,144673,3.0
1057,142445,4.0
1057,146673,5.0
1057,143220,5.0
1057,141261,3.0
1057,134962,5.0
1057,138621,4.0
1057,146109,3.0
1057,142057,3.0
1057,145806,5.0
1057,147183,4.0
1057,138239,3.0
1057,135660,5.0
1057,141952,2.0
1057,146910,4.0
1057,139794,4.0
1057,137001,4.0
1057,145316,4.0
1057,139340,4.0
1057,135513,5.0
1057,138932,5.0
1057,142367,4.0
1057,138322,5.0
1057,141860,5.0
1340,136762,5.0
1340,136159,4.0
1340,135738,5.0
1340,135617,5.0
1340,141530,2.0
620,138987,5.0
620,140491,4.0
620,141132,4.0
620,135104,4.0
620,146375,4.0
620,137178,4.0
620,145428,4.0
80,141779,4.0
80,143123,4.0
80,146982,5.0
80,138497,5.0
80,137708,5.0
80,146076,4.0
80,135183,4.0
209,146832,5.0
209,138695,5.0
209,138906,5.0
209,137860,5.0
209,135483,5.0
566,135649,1.0
566,141669,3.0
566,142427,2.0
566,135222,5.0
566,146098,4.0
173,139243,2.0
173,137413,1.0
173,145125,1.0
173,137705,4.0
173,146621,5.0
173,144096,5.0
1331,146540,5.0
1331,138332,3.0
1331,138986,5.0
1331,144549,5.0
1331,136606,5.0
1331,138960,4.0
1331,135840,4.0
459,140951,1.0
459,141252,5.0
459,146789,5.0
459,145268,5.0
459,143910,5.0
459,143493,5.0
459,144434,5.0
459,143730,5.0
459,145529,5.0
459,135131,5.0
459,144792,5.0
459,143326,5.0
459,135643,5.0
459,141009,5.0
459,146378,5.0
459,147929,5.0
459,137932,5.0
459,144035,5.0
459,137071,5.0
459,147665,5.0
459,141705,5.0
459,141153,5.0
459,137581,5.0
459,136394,5.0
459,142095,5.0
530,145624,5.0
530,137464,5.0
530,142345,4.0
530,135684,4.0
530,137102,5.0
530,140791,3.0
139,137574,5.0
139,144255,5.0
139,140865,5.0
139,147104,5.0
139,135470,5.0
139,146467,4.0
139,143387,5.0
1155,141380,1.0
1155,145514,1.0
1155,145396,4.0
1155,143889,1.0
1155,145717,1.0
1139,137085,5.0
1139,143696,5.0
1139,143675,5.0
1139,138472,5.0
1139,140354,5.0
1139,141615,5.0
1139,144627,5.0
894,136087,5.0
894,147328,5.0
894,136696,5.0
894,143302,5.0
894,144452,5.0
894,136770,5.0
358,140368,5.0
358,141564,5.0
358,146104,5.0
358,135896,5.0
358,134843,5.0
358,136542,5.0
358,146515,5.0
358,147274,5.0
358,146301,5.0
358,140414,5.0
358,143355,5.0
358,146871,5.0
358,135571,5.0
1316,144353,5.0
1316,136891,4.0
1316,144415,5.0
1316,140817,4.0
1316,141301,4.0
76,139033,5.0
76,141863,5.0
76,146185,5.0
76,139707,5.0
76,135252,5.0
76,137643,5.0
76,147009,5.0
76,140220,5.0
76,135127,5.0
76,142244,5.0
76,136556,5.0
76,146743,5.0
76,142776,5.0
76,138566,5.0
76,137564,5.0
76,147346,5.0
76,136324,5.0
76,145665,5.0
155,136369,5.0
155,138364,5.0
155,146224,5.0
155,140141,5.0
155,143531,3.0
1136,147906,5.0
1136,141166,5.0
1136,147137,5.0
1136,146774,5.0
1136,135048,5.0
529,147624,5.0
529,147474,5.0
529,144996,5.0
529,144056,5.0
529,144154,5.0
529,140385,4.0
529,139180,5.0
529,139376,5.0
529,138233,5.0
529,140198,5.0
529,140297,4.0
529,141389,5.0
529,135051,5.0
529,147345,5.0
529,136454,5.0
529,135886,4.0
529,141351,5.0
529,136882,5.0
345,137271,5.0
345,144690,5.0
345,143366,5.0
345,138008,5.0
345,147667,5.0
345,138879,5.0
345,140653,5.0
345,140213,5.0
345,137025,4.0
345,143431,5.0
345,145789,5.0
345,135487,5.0
345,136921,5.0
345,144247,5.0
345,145259,5.0
345,142070,4.0
1301,143347,5.0
1301,146478,5.0
1301,145928,5.0
1301,136529,5.0
1301,136554,5.0
1301,145694,5.0
1301,142225,5.0
1301,141377,4.0
476,141259,5.0
476,143601,5.0
476,143418,5.0
476,146694,5.0
476,138957,5.0
476,143568,5.0
476,138722,5.0
476,144775,5.0
476,143160,5.0
476,135270,5.0
1260,143545,5.0
1260,139192,5.0
1260,134959,5.0
1260,147230,5.0
1260,138697,5.0
1260,135035,5.0
623,139762,5.0
623,136553,4.0
623,140429,5.0
623,135684,3.0
623,137102,4.0
551,146676,5.0
551,136438,5.0
551,136971,5.0
551,143929,4.0
551,147416,5.0
587,135405,5.0
587,147504,5.0
587,142499,4.0
587,140689,1.0
587,135405,5.0
587,147504,5.0
587,142499,4.0
587,140689,1.0
412,139314,5.0
412,146392,5.0
412,138110,5.0
412,145250,5.0
412,140841,5.0
412,138039,5.0
77,144758,5.0
77,140154,5.0
77,136686,3.0
77,135862,5.0
77,141071,5.0
1273,139629,5.0
1273,138656,4.0
1273,142416,5.0
1273,143143,5.0
1273,145025,5.0
1273,145918,5.0
1273,142357,5.0
1273,137364,5.0
1273,145264,5.0
1273,139629,5.0
1273,138656,4.0
1273,142416,5.0
1273,143143,5.0
1273,145025,5.0
1273,145918,5.0
1273,142357,5.0
1273,137364,5.0
1273,145264,5.0
717,145352,4.0
717,136491,4.0
717,138079,5.0
717,140759,4.0
717,140389,5.0
562,141543,5.0
562,141949,5.0
562,144010,5.0
562,146014,3.0
562,139307,4.0
562,135485,5.0
756,147890,5.0
756,134827,5.0
756,140868,5.0
756,147468,5.0
756,143787,5.0
25,136576,5.0
25,138438,5.0
25,135969,5.0
25,142061,5.0
25,139599,5.0
25,147362,5.0
25,137718,5.0
25,141176,5.0
25,135259,5.0
25,143525,5.0
25,136947,5.0
25,143194,5.0
25,141657,5.0
25,145623,5.0
25,137747,5.0
25,143534,5.0
25,140796,5.0
25,145967,5.0
25,137471,5.0
25,146896,5.0
831,137191,5.0
831,140031,5.0
831,144126,5.0
831,142220,5.0
831,138434,5.0
831,136533,5.0
831,142642,5.0
1228,139880,5.0
1228,143253,5.0
1228,142051,5.0
1228,146402,5.0
1228,140564,5.0
1228,144735,5.0
1228,140893,5.0
1228,136086,5.0
1228,140098,5.0
1228,139504,5.0
1228,143946,5.0
1228,141041,5.0
1228,141499,5.0
1228,142629,5.0
1228,142475,5.0
1228,143749,5.0
1228,140546,5.0
1228,138325,5.0
1228,143788,5.0
1228,143595,5.0
1228,146464,5.0
1228,144224,5.0
1228,140102,5.0
1228,135622,5.0
1228,137502,5.0
1228,136170,5.0
1228,142311,5.0
1228,141967,5.0
1228,144109,5.0
1228,137288,5.0
1228,140113,5.0
1228,135300,5.0
1228,141669,5.0
1228,140836,5.0
1228,139642,5.0
1228,136060,5.0
1228,140337,5.0
1228,145975,5.0
1228,136541,5.0
1228,136187,5.0
1228,147256,5.0
1228,139171,5.0
1228,147678,5.0
1228,138572,5.0
1228,145104,5.0
1228,140566,5.0
1228,147347,5.0
1228,143510,5.0
1228,147351,5.0
1228,142463,5.0
1228,146988,5.0
1228,143564,5.0
1228,146318,5.0
1228,140774,5.0
1228,139408,5.0
1228,145206,5.0
1228,142507,5.0
1228,143556,5.0
1228,144288,5.0
1228,137582,5.0
1228,139600,5.0
1228,141367,5.0
432,146161,5.0
432,138252,5.0
432,147536,5.0
432,140126,5.0
432,135992,5.0
432,147874,5.0
282,147395,5.0
282,135610,5.0
282,140424,5.0
282,136019,5.0
282,145644,5.0
282,141103,5.0
282,146939,5.0
282,147001,5.0
282,138146,5.0
282,142692,5.0
282,142446,5.0
282,146967,5.0
580,145085,5.0
580,139868,5.0
580,144988,5.0
580,147432,5.0
580,143449,5.0
580,139136,5.0
580,146701,5.0
580,145303,5.0
580,143521,5.0
580,136643,5.0
580,145510,5.0
580,145274,5.0
580,146512,5.0
580,147770,5.0
580,146155,5.0
580,135685,5.0
580,145447,5.0
580,144225,5.0
753,145783,5.0
753,136210,5.0
753,141867,5.0
753,135967,5.0
753,139380,5.0
753,143065,5.0
753,141207,5.0
753,144482,5.0
753,147843,5.0
753,138765,5.0
753,146802,5.0
753,138212,5.0
753,146251,5.0
753,143520,5.0
753,139695,5.0
753,134913,5.0
753,144368,5.0
495,147707,5.0
495,146785,5.0
495,147366,5.0
495,136057,5.0
495,144169,5.0
960,139981,4.0
960,139449,5.0
960,142352,5.0
960,143338,5.0
960,144557,5.0
960,138505,5.0
960,134939,5.0
960,144961,5.0
60,144538,5.0
60,144554,5.0
60,145197,5.0
60,136028,5.0
60,139860,5.0
982,142987,5.0
982,137248,5.0
982,142433,4.0
982,139024,2.0
982,142987,5.0
982,137248,5.0
982,142433,4.0
982,139024,2.0
192,138093,5.0
192,142860,1.0
192,140652,5.0
192,139390,5.0
192,144581,4.0
192,141840,5.0
1286,137428,5.0
1286,137890,5.0
1286,140846,5.0
1286,143063,2.0
1286,135494,5.0
1286,134861,5.0
1286,146901,5.0
1286,141058,5.0
1286,140429,4.0
519,137218,5.0
519,144400,4.0
519,141249,4.0
519,135122,5.0
519,138177,4.0
519,144346,5.0
751,145360,5.0
751,140524,5.0
751,137102,5.0
751,135684,5.0
751,137785,5.0
751,145713,5.0
751,143472,1.0
751,141844,1.0
751,140638,1.0
751,147030,5.0
751,144143,5.0
751,144073,1.0
751,139987,4.0
751,146936,5.0
416,138024,5.0
416,139776,5.0
416,135284,4.0
416,142886,4.0
416,140888,4.0
416,137267,5.0
416,142243,5.0
416,136539,4.0
1130,138571,5.0
1130,139855,5.0
1130,139491,5.0
1130,140922,5.0
1130,138661,5.0
1130,139109,5.0
1130,141935,5.0
1130,139597,5.0
1130,146036,5.0
895,140935,4.0
895,140360,3.0
895,142278,4.0
895,143552,4.0
895,141232,3.0
895,136745,4.0
895,142526,4.0
895,145911,2.0
895,140080,4.0
895,141189,4.0
895,135465,5.0
895,139342,4.0
895,137952,4.0
895,140935,4.0
895,140360,3.0
895,142278,4.0
895,143552,4.0
895,141232,3.0
895,136745,4.0
895,142526,4.0
895,145911,2.0
895,140080,4.0
895,141189,4.0
895,135465,5.0
895,139342,4.0
895,137952,4.0
976,138857,5.0
976,137554,5.0
976,145332,5.0
976,146616,5.0
976,139179,5.0
976,142276,5.0
976,135377,5.0
462,145169,1.0
462,140222,4.0
462,147330,4.0
462,143681,3.0
462,143982,4.0
462,142829,4.0
462,147300,2.0
462,142104,1.0
462,137505,2.0
462,135512,2.0
462,138151,1.0
462,145144,1.0
462,147893,5.0
462,143755,2.0
462,146720,2.0
462,145306,2.0
462,139664,5.0
462,137920,1.0
462,135637,4.0
462,139773,5.0
462,144453,2.0
462,145868,1.0
462,143752,5.0
462,146435,1.0
462,144326,5.0
462,145408,4.0
462,142517,5.0
1200,140631,5.0
1200,141727,5.0
1200,138220,5.0
1200,135684,5.0
1200,137102,5.0
374,140523,5.0
374,137813,5.0
374,140239,5.0
374,138927,5.0
374,147926,5.0
374,142819,3.0
374,143380,3.0
374,137036,3.0
374,141610,5.0
374,134877,5.0
374,140931,4.0
374,136241,5.0
374,141406,5.0
374,144116,5.0
374,136683,5.0
374,142640,5.0
374,144210,5.0
374,143863,5.0
374,140530,5.0
374,143942,5.0
486,137124,5.0
486,139590,5.0
486,138615,5.0
486,142418,5.0
486,137943,5.0
486,145072,5.0
486,136166,5.0
486,136013,5.0
486,141758,5.0
486,135208,5.0
1038,135065,5.0
1038,138298,4.0
1038,137917,5.0
1038,138543,5.0
1038,135086,5.0
1071,136573,5.0
1071,142259,5.0
1071,139924,5.0
1071,142438,5.0
1071,145498,5.0
1071,135583,5.0
1071,146465,5.0
1071,141002,5.0
1071,136972,3.0
1071,140103,5.0
1071,136629,5.0
1071,138693,5.0
1071,146849,5.0
1071,147839,5.0
1071,141907,5.0
1071,143806,5.0
1071,136411,5.0
1091,143316,5.0
1091,134896,5.0
1091,142165,5.0
1091,137889,5.0
1091,146937,5.0
1091,139191,5.0
1091,136210,5.0
483,143925,5.0
483,145567,4.0
483,138453,4.0
483,147363,5.0
483,134972,4.0
483,135536,3.0
483,135568,3.0
483,139337,3.0
483,144930,4.0
483,143642,4.0
483,145632,4.0
483,141909,4.0
483,147250,4.0
483,143094,4.0
483,147583,4.0
483,145017,4.0
483,138114,4.0
483,139619,1.0
483,138916,4.0
483,142534,4.0
483,143532,5.0
483,141194,5.0
483,145877,4.0
483,139762,5.0
483,140153,5.0
483,141168,4.0
483,136689,4.0
483,135005,4.0
483,147593,5.0
483,140720,5.0
1076,140506,5.0
1076,146395,5.0
1076,136628,4.0
1076,142556,5.0
1076,144170,5.0
1076,140779,5.0
1076,143185,5.0
1076,144307,5.0
1076,137545,5.0
1076,147209,5.0
1076,141290,5.0
1076,135815,5.0
1076,144507,5.0
50,146443,5.0
50,135125,5.0
50,144647,5.0
50,147231,5.0
50,140169,5.0
50,137670,5.0
50,142947,5.0
50,141050,5.0
1058,147919,5.0
1058,141447,4.0
1058,142895,4.0
1058,140240,4.0
1058,142222,4.0
1058,143282,4.0
1318,147181,5.0
1318,142726,5.0
1318,135729,5.0
1318,135522,5.0
1318,146249,5.0
20,147425,5.0
20,143651,5.0
20,138997,5.0
20,139687,5.0
20,139047,5.0
20,142968,4.0
20,143136,2.0
20,147277,3.0
20,146015,5.0
20,142235,3.0
304,144826,4.0
304,140806,4.0
304,143059,4.0
304,144047,4.0
304,141117,4.0
304,137276,5.0
304,146175,5.0
316,136660,5.0
316,144778,5.0
316,146035,5.0
316,142190,5.0
316,139561,5.0
316,142588,5.0
316,141489,5.0
316,143080,5.0
295,137716,4.0
295,145791,3.0
295,139285,3.0
295,137701,3.0
295,145752,4.0
295,135352,2.0
295,142957,4.0
295,136543,4.0
1209,140334,4.0
1209,135412,3.0
1209,142985,4.0
1209,147061,4.0
1209,143345,4.0
597,144699,4.0
597,142597,4.0
597,145958,5.0
597,147757,4.0
597,142329,5.0
826,137199,5.0
826,143216,5.0
826,134991,5.0
826,140311,5.0
826,135881,5.0
826,136143,4.0
826,143990,5.0
826,135242,5.0
826,141378,4.0
826,142533,3.0
826,145535,5.0
826,147071,4.0
725,140706,5.0
725,144266,5.0
725,139834,4.0
725,137989,5.0
725,146716,5.0
930,136238,5.0
930,146746,5.0
930,145532,5.0
930,135716,5.0
930,135432,5.0
653,136692,5.0
653,137432,5.0
653,137389,4.0
653,142908,5.0
653,138023,5.0
653,146082,5.0
653,144447,4.0
653,138606,4.0
653,138029,5.0
653,139458,5.0
653,138944,5.0
653,137012,5.0
653,139172,5.0
653,136939,4.0
653,144537,5.0
653,140349,5.0
653,142341,5.0
653,139229,5.0
653,142115,4.0
653,136396,5.0
653,143158,4.0
653,139745,5.0
653,139056,4.0
653,146643,5.0
653,147546,5.0
653,146021,5.0
653,144336,5.0
653,139878,5.0
653,146645,5.0
653,135764,5.0
653,144499,4.0
653,142729,5.0
653,146056,4.0
653,140671,5.0
279,139012,5.0
279,137857,5.0
279,146305,5.0
279,144645,5.0
279,136933,2.0
279,139200,5.0
317,143350,5.0
317,136898,5.0
317,141236,5.0
317,137924,5.0
317,145374,5.0
317,144181,5.0
317,136355,4.0
317,135132,5.0
317,136518,5.0
317,138326,5.0
31,138588,3.0
31,144521,1.0
31,134850,4.0
31,145864,5.0
31,145422,5.0
366,143465,5.0
366,140285,4.0
366,135343,3.0
366,138251,4.0
366,135338,5.0
366,139464,5.0
366,137759,5.0
1303,137772,1.0
1303,135808,5.0
1303,143139,2.0
1303,140008,5.0
1303,145335,1.0
1303,143255,1.0
962,137849,5.0
962,145231,5.0
962,147875,5.0
962,137086,5.0
962,141606,5.0
962,144614,5.0
962,137880,5.0
962,139979,5.0
962,146166,5.0
962,136258,5.0
962,146923,5.0
962,139331,5.0
962,136312,5.0
962,136935,5.0
962,147422,5.0
962,143016,5.0
962,138874,5.0
962,145116,5.0
962,140362,5.0
962,135544,5.0
962,146382,5.0
962,147023,5.0
962,140352,5.0
962,142404,5.0
962,140969,5.0
962,144050,5.0
962,136967,5.0
962,142191,5.0
962,144351,5.0
962,136473,5.0
962,146373,5.0
962,145544,5.0
962,140450,5.0
962,137254,4.0
962,135708,5.0
962,141320,5.0
962,142155,5.0
962,139863,5.0
962,142717,5.0
962,145574,5.0
962,144162,5.0
1062,146198,5.0
1062,145011,5.0
1062,137459,4.0
1062,147836,5.0
1062,139518,5.0
1062,142412,5.0
1062,136270,4.0
1062,135995,5.0
944,137770,5.0
944,136640,5.0
944,147626,5.0
944,137876,5.0
944,138293,5.0
944,143779,4.0
944,146387,5.0
1332,141224,5.0
1332,142402,5.0
1332,146553,5.0
1332,147684,5.0
1332,146183,5.0
1332,141921,4.0
630,145076,5.0
630,135306,5.0
630,135755,5.0
630,138814,5.0
630,143267,4.0
630,146413,3.0
630,142251,5.0
872,143523,1.0
872,143054,4.0
872,145517,3.0
872,136859,4.0
872,135401,3.0
872,141113,3.0
872,143608,4.0
872,137683,5.0
479,146249,5.0
479,139762,5.0
479,144862,5.0
479,142062,5.0
479,142200,5.0
479,135848,5.0
479,137827,5.0
479,138266,5.0
479,143198,5.0
479,143683,5.0
479,138916,5.0
479,135675,5.0
479,139209,5.0
1320,139176,5.0
1320,146612,3.0
1320,146890,5.0
1320,146775,5.0
1320,144993,5.0
1320,145023,5.0
1320,142075,5.0
1320,138480,5.0
1320,146784,3.0
518,141211,5.0
518,147551,5.0
518,136989,5.0
518,147766,5.0
518,140304,5.0
518,138591,5.0
518,143511,5.0
85,139021,5.0
85,147140,5.0
85,145197,5.0
85,144193,5.0
85,144726,5.0
85,144911,5.0
480,139158,5.0
480,136845,5.0
480,142897,4.0
480,137546,5.0
480,141511,5.0
480,141879,5.0
480,140106,3.0
480,146655,4.0
480,144779,4.0
480,146309,5.0
480,147687,5.0
1180,142128,5.0
1180,140347,5.0
1180,137456,5.0
1180,136865,5.0
1180,135217,5.0
1180,143719,5.0
1180,139238,5.0
1180,143018,5.0
1180,143058,5.0
138,145032,3.0
138,142250,5.0
138,143615,5.0
138,141753,5.0
138,146747,5.0
287,137747,5.0
287,143525,4.0
287,142742,5.0
287,143439,5.0
287,147140,5.0
287,136115,5.0
883,142500,5.0
883,140480,5.0
883,140441,5.0
883,144246,5.0
883,144950,5.0
538,136909,3.0
538,142425,4.0
538,146778,5.0
538,140082,5.0
538,135100,5.0
538,136147,3.0
538,144570,4.0
538,141948,3.0
538,145970,4.0
538,140131,5.0
820,138687,4.0
820,139308,4.0
820,142197,4.0
820,137896,2.0
820,141748,3.0
907,140623,5.0
907,139234,5.0
907,142106,5.0
907,141540,5.0
907,140463,5.0
907,138763,5.0
907,147030,5.0
907,140673,5.0
907,141430,5.0
907,137817,5.0
907,140959,5.0
907,145150,5.0
907,136036,5.0
1073,145298,5.0
1073,143351,5.0
1073,146208,5.0
1073,138678,5.0
1073,142179,5.0
1073,141782,5.0
1073,138231,5.0
436,139039,5.0
436,146159,5.0
436,143734,5.0
436,134882,4.0
436,138888,5.0
436,147174,5.0
436,143234,5.0
563,135837,4.0
563,138655,5.0
563,134964,5.0
563,146872,5.0
563,138333,4.0
563,142454,4.0
563,135889,4.0
563,147408,5.0
563,140569,5.0
563,145695,5.0
563,138215,5.0
563,147632,5.0
563,138171,5.0
563,135175,5.0
563,137825,3.0
563,144519,4.0
563,138199,3.0
563,139592,4.0
563,138628,5.0
563,134890,4.0
563,147553,4.0
563,146763,5.0
563,146926,5.0
563,142011,3.0
563,139238,3.0
563,136486,5.0
380,135141,5.0
380,135236,5.0
380,136351,5.0
380,139339,5.0
380,137106,4.0
1074,141526,5.0
1074,138064,5.0
1074,145908,5.0
1074,145288,5.0
1074,142682,5.0
1074,144578,5.0
1074,138690,4.0
286,145762,5.0
286,142346,5.0
286,140493,5.0
286,144308,5.0
286,143580,5.0
286,143053,5.0
286,141018,5.0
286,141392,5.0
286,139563,5.0
286,136218,5.0
286,138054,5.0
286,145425,5.0
286,136743,5.0
286,136502,5.0
286,143003,5.0
286,139274,5.0
286,138091,5.0
286,145542,5.0
286,136243,5.0
313,136240,5.0
313,146983,5.0
313,146410,5.0
313,142701,5.0
313,145668,1.0
313,139288,5.0
313,135447,5.0
313,141415,5.0
313,139064,5.0
313,135303,3.0
313,138894,5.0
313,135301,5.0
313,145317,5.0
313,140711,3.0
313,141075,5.0
313,144505,5.0
313,135285,5.0
313,135324,3.0
313,144884,5.0
313,145703,1.0
313,147414,1.0
313,137743,5.0
313,141966,5.0
313,137832,5.0
313,138082,1.0
657,139885,5.0
657,137126,5.0
657,145589,5.0
657,136179,5.0
657,143000,5.0
657,142768,5.0
657,136319,5.0
657,135806,5.0
657,147030,5.0
657,145713,5.0
657,141430,5.0
657,147083,5.0
735,138338,5.0
735,138378,5.0
735,137947,5.0
735,146947,5.0
735,134862,5.0
735,138204,5.0
735,137045,5.0
735,135737,5.0
693,137540,5.0
693,137160,4.0
693,138721,5.0
693,143125,4.0
693,137466,4.0
693,147372,4.0
693,140867,5.0
693,141039,5.0
945,137091,4.0
945,142560,5.0
945,140681,5.0
945,147261,5.0
945,136315,5.0
945,135429,5.0
945,143584,5.0
945,135827,1.0
1226,143604,5.0
1226,142097,1.0
1226,145357,5.0
1226,139736,5.0
1226,138426,5.0
1226,146764,2.0
1226,145919,5.0
1226,144686,5.0
1226,145265,5.0
1112,144925,5.0
1112,142182,5.0
1112,137322,3.0
1112,142777,3.0
1112,137601,3.0
193,147191,5.0
193,145365,5.0
193,138271,5.0
193,138758,5.0
193,146719,5.0
193,141858,5.0
193,142080,5.0
193,135411,5.0
193,145956,5.0
193,142491,5.0
193,136486,5.0
193,137756,5.0
193,147718,5.0
1292,138792,3.0
1292,145841,4.0
1292,144695,5.0
1292,140505,3.0
1292,145990,4.0
1292,138569,5.0
1292,145475,5.0
1292,138481,2.0
1292,143611,5.0
1292,145823,5.0
63,136122,5.0
63,139356,5.0
63,146932,5.0
63,137010,5.0
63,145385,5.0
451,145882,5.0
451,138867,5.0
451,146474,5.0
451,142547,5.0
451,143718,5.0
451,136235,5.0
1201,140596,5.0
1201,146954,5.0
1201,135476,5.0
1201,147460,5.0
1201,138361,1.0
1201,142313,5.0
1201,139061,5.0
1201,136567,5.0
1201,137346,5.0
1060,140864,5.0
1060,141965,4.0
1060,145683,5.0
1060,144902,5.0
1060,136714,4.0
1089,134845,1.0
1089,141656,1.0
1089,147147,1.0
1089,136995,5.0
1089,137156,2.0
1089,137469,5.0
1089,135325,1.0
1089,141435,1.0
1089,147859,5.0
1089,136133,2.0
1089,137201,2.0
1219,135609,5.0
1219,146249,5.0
1219,146662,5.0
1219,145523,5.0
1219,135460,5.0
393,143131,5.0
393,136517,5.0
393,136612,5.0
393,143131,5.0
393,136517,5.0
393,136612,5.0
822,144257,5.0
822,142325,3.0
822,146538,5.0
822,139946,5.0
822,138636,5.0
1202,142163,5.0
1202,146791,5.0
1202,142844,5.0
1202,139382,5.0
1202,139166,5.0
1202,135493,5.0
1202,140761,5.0
1202,145290,5.0
1202,146977,5.0
1202,140179,5.0
1202,145945,5.0
1202,137494,4.0
1202,140813,4.0
1202,145828,5.0
1202,135421,4.0
1202,135327,5.0
1202,140284,5.0
1202,140151,4.0
1202,144892,5.0
1202,146093,5.0
1202,141760,5.0
1202,137588,5.0
1202,139430,5.0
1202,137589,5.0
1202,140788,5.0
1202,134871,5.0
1202,145991,5.0
1202,143512,5.0
1202,139704,5.0
1202,140331,5.0
1202,142952,5.0
1202,144420,4.0
1202,143320,5.0
1202,145157,5.0
1202,144532,5.0
1202,139017,5.0
1202,136648,5.0
1202,136589,5.0
1202,144819,5.0
1202,144273,5.0
1202,143891,5.0
1202,145641,5.0
1202,142997,5.0
1202,136734,5.0
1202,136127,4.0
1202,144076,5.0
1202,143447,5.0
1202,140215,5.0
1202,147772,5.0
1202,137260,5.0
1202,143372,5.0
1202,143890,5.0
1202,137136,5.0
1202,140090,5.0
1202,146922,5.0
1202,143393,5.0
1202,139820,5.0
1202,140707,5.0
1202,137295,5.0
1202,143993,5.0
1202,144724,5.0
1202,147915,5.0
1202,142393,5.0
1202,141297,5.0
1202,144205,5.0
1202,139196,5.0
1202,146949,5.0
1202,137383,5.0
1202,144409,5.0
1202,142028,5.0
1202,145173,5.0
1202,144783,5.0
1202,142683,5.0
1202,134958,5.0
1202,140097,5.0
1202,137323,5.0
1202,142196,5.0
1202,143416,5.0
1202,142757,5.0
1202,143420,5.0
1202,141688,5.0
1202,145146,5.0
1202,140903,5.0
1202,138387,5.0
1202,142765,5.0
1202,138907,5.0
1202,140007,5.0
1202,142216,5.0
1202,146027,5.0
1202,147673,5.0
1202,140471,5.0
1202,142413,5.0
1202,146599,5.0
1202,136121,4.0
1202,135457,5.0
1202,140458,5.0
1202,146163,4.0
1202,146999,5.0
1202,145171,5.0
1202,145089,5.0
1202,144293,5.0
1202,135191,5.0
1202,147728,5.0
1202,144650,5.0
1202,147130,5.0
1202,142464,5.0
1202,143630,5.0
1202,145137,5.0
1202,141701,5.0
1202,139011,5.0
1202,138809,5.0
1202,145036,5.0
1202,147552,5.0
1202,144813,5.0
1202,135524,5.0
1202,137268,5.0
1202,137597,5.0
1202,141007,5.0
1202,137608,5.0
1202,140316,5.0
1202,143546,5.0
1202,143175,5.0
1202,145965,4.0
1202,143191,4.0
1202,136415,5.0
1202,138561,5.0
1202,147689,5.0
1202,135002,4.0
1202,139842,5.0
1202,137498,5.0
1202,136280,5.0
1202,146218,4.0
1202,137386,5.0
1202,138842,5.0
1202,143127,5.0
1202,136791,5.0
1202,143306,5.0
1202,145466,5.0
1202,144713,5.0
1202,135273,5.0
1202,146951,5.0
1202,135564,5.0
1202,136226,5.0
1202,146551,5.0
1202,140155,5.0
1202,140379,5.0
1202,139883,5.0
1202,135965,5.0
1202,141070,5.0
1202,146293,5.0
1202,136129,5.0
1202,141509,5.0
1202,142824,5.0
1202,147566,5.0
1202,140451,5.0
1202,145210,5.0
1202,139507,5.0
1202,136424,5.0
1202,135769,5.0
1202,145487,5.0
1202,140703,5.0
1202,138777,5.0
1202,144231,5.0
1202,141090,5.0
1202,147281,5.0
1202,144919,5.0
1202,144114,5.0
1202,141463,5.0
1202,135902,5.0
1202,142204,5.0
1202,136634,5.0
1202,145946,5.0
1202,144747,5.0
1202,135696,5.0
1202,137959,5.0
168,136057,5.0
168,146873,5.0
168,138302,5.0
168,140993,5.0
168,144766,5.0
168,136390,5.0
168,142176,5.0
168,136323,5.0
168,144190,5.0
168,143980,5.0
168,136416,5.0
168,147453,5.0
168,138224,5.0
168,142916,5.0
168,135721,5.0
168,142426,5.0
168,143534,5.0
168,142000,5.0
168,144364,5.0
168,137631,5.0
168,140584,5.0
168,136930,5.0
168,142699,5.0
1170,134981,4.0
1170,146874,5.0
1170,138666,4.0
1170,147337,4.0
1170,141345,4.0
1170,134855,5.0
1170,139074,4.0
1170,145766,4.0
1170,135542,4.0
1170,144681,4.0
1170,134840,5.0
1170,142368,4.0
1170,140015,4.0
1170,134893,4.0
1170,142315,5.0
1170,135172,5.0
1170,138717,5.0
1170,136549,4.0
1170,147485,5.0
1170,135434,5.0
1170,143586,5.0
1170,144442,5.0
1170,138092,4.0
1170,145983,5.0
1170,144504,5.0
1170,137773,5.0
1170,140519,5.0
1170,137003,4.0
1170,138277,4.0
1170,142992,4.0
1170,144303,5.0
1170,144615,5.0
1170,144358,4.0
1170,146765,5.0
1170,139920,5.0
1170,144089,5.0
1256,145042,5.0
1256,143086,5.0
1256,144958,5.0
1256,147717,5.0
1256,136016,5.0
1256,147850,5.0
1256,141231,5.0
1256,147871,5.0
1256,143030,5.0
1256,146418,5.0
1256,138074,5.0
1256,141072,5.0
1256,147133,5.0
1256,147812,5.0
1256,146138,5.0
1256,136338,3.0
1256,135812,5.0
1256,140399,4.0
1256,135162,5.0
1256,145600,5.0
1256,146349,4.0
1256,138702,4.0
1256,138895,3.0
1256,140839,4.0
1256,144541,4.0
1256,137247,4.0
1256,137102,4.0
1256,147779,4.0
1256,147685,3.0
1256,142800,3.0
1256,136534,3.0
1298,141040,1.0
1298,137125,5.0
1298,146458,5.0
1298,135292,5.0
1298,141810,5.0
1298,137093,1.0
184,147889,5.0
184,147900,4.0
184,144304,5.0
184,140255,5.0
184,146337,4.0
1167,146277,5.0
1167,143203,5.0
1167,140043,5.0
1167,141376,5.0
1167,139653,5.0
1167,137584,5.0
1167,144705,5.0
604,135994,5.0
604,146324,5.0
604,141956,5.0
604,145212,5.0
604,143974,5.0
880,145147,5.0
880,136990,5.0
880,144389,5.0
880,147910,5.0
880,136070,5.0
880,136996,5.0
880,135990,5.0
935,144195,5.0
935,136998,4.0
935,145878,5.0
935,137130,4.0
935,147282,4.0
935,146622,5.0
935,139927,3.0
935,147075,5.0
992,139545,5.0
992,143013,5.0
992,142775,4.0
992,141347,4.0
992,139731,5.0
187,138366,3.0
187,142374,3.0
187,141313,4.0
187,146508,5.0
187,140454,4.0
187,140726,4.0
187,135613,5.0
187,136544,4.0
187,141078,4.0
187,139253,3.0
187,138504,4.0
187,142594,5.0
187,137678,3.0
187,140434,5.0
187,143650,3.0
187,136119,1.0
187,141814,4.0
187,136760,5.0
187,143599,5.0
187,145895,3.0
187,140299,3.0
187,139488,3.0
187,143226,4.0
187,146462,3.0
187,135223,5.0
187,144931,2.0
187,141479,5.0
187,143357,3.0
187,147310,5.0
187,143340,4.0
187,135469,2.0
187,144660,5.0
187,140166,5.0
187,136440,3.0
187,144426,4.0
187,142455,4.0
187,141452,4.0
187,146144,4.0
187,145568,5.0
187,147170,4.0
187,141799,4.0
187,137046,4.0
187,147099,3.0
187,139685,3.0
187,135575,5.0
187,145684,3.0
187,147694,5.0
187,139516,5.0
187,134971,3.0
187,146479,4.0
187,136345,3.0
187,143038,4.0
187,138167,4.0
187,143966,2.0
187,139895,4.0
187,145302,4.0
187,135036,3.0
187,136508,3.0
187,135787,2.0
187,141337,2.0
187,139189,4.0
187,142018,4.0
187,141619,4.0
187,138671,3.0
187,141287,3.0
187,140894,2.0
187,142867,3.0
187,140599,2.0
187,137944,2.0
187,138421,2.0
187,145081,2.0
187,138745,3.0
187,140918,2.0
187,141598,3.0
187,137344,4.0
187,137370,4.0
187,135508,3.0
187,140271,4.0
187,137461,4.0
187,143179,2.0
187,136456,4.0
187,143691,4.0
187,141914,4.0
187,146803,4.0
187,138559,4.0
187,139699,3.0
187,145902,4.0
187,144428,3.0
187,135820,5.0
187,147112,5.0
187,141961,5.0
187,147063,4.0
187,142872,4.0
187,141740,5.0
187,138296,3.0
187,143722,5.0
187,136183,5.0
187,137584,5.0
187,147894,3.0
187,141816,5.0
187,135142,5.0
187,146377,5.0
187,138018,5.0
187,138490,4.0
187,137223,4.0
187,142024,4.0
187,139759,4.0
187,147558,5.0
187,144421,4.0
187,142286,3.0
187,137782,1.0
187,144973,3.0
187,138069,4.0
187,138059,3.0
187,138771,4.0
187,145271,4.0
187,145305,4.0
187,142746,5.0
187,145362,3.0
187,135062,4.0
187,145313,4.0
187,140062,3.0
187,142830,4.0
187,135317,4.0
187,144620,3.0
187,147384,3.0
187,144734,3.0
187,140675,5.0
187,139896,5.0
187,145052,3.0
187,143223,4.0
187,142138,3.0
187,140682,4.0
187,143643,4.0
187,140743,4.0
187,139140,3.0
187,145457,3.0
187,147200,5.0
187,146391,5.0
187,141698,4.0
187,139443,4.0
187,135648,5.0
187,143979,5.0
187,143186,4.0
187,143084,4.0
187,138663,4.0
187,147116,5.0
187,145038,4.0
187,142274,3.0
187,135053,3.0
187,138436,4.0
187,144311,3.0
187,143406,4.0
187,144113,3.0
187,145845,4.0
187,145695,5.0
187,141759,5.0
187,147165,4.0
187,140152,4.0
187,140629,5.0
187,146734,3.0
187,138850,4.0
187,146052,4.0
187,142025,3.0
187,139444,3.0
187,139195,4.0
187,144577,3.0
187,139335,2.0
187,144796,5.0
187,144674,5.0
187,139081,5.0
187,144254,5.0
187,135919,5.0
187,136244,5.0
187,137181,3.0
187,146809,2.0
187,136042,3.0
187,139884,5.0
187,140555,5.0
187,146064,5.0
187,144958,4.0
187,137052,2.0
187,135282,4.0
187,146420,4.0
187,136188,4.0
187,142219,4.0
187,144444,3.0
187,138918,5.0
187,147124,5.0
187,138395,3.0
187,136934,4.0
187,143930,4.0
187,136584,3.0
187,144305,4.0
187,136256,4.0
187,143473,5.0
187,138951,5.0
187,143245,3.0
187,136433,3.0
187,138094,4.0
187,141448,5.0
187,135725,5.0
187,135517,5.0
187,136881,4.0
187,136552,1.0
187,140895,5.0
187,140877,4.0
187,135362,4.0
187,136991,5.0
187,135941,5.0
187,142123,5.0
187,140331,5.0
187,147014,5.0
187,135371,5.0
187,144070,5.0
187,147005,4.0
187,142211,3.0
187,143566,3.0
187,141929,3.0
187,147917,5.0
187,146513,3.0
187,137960,4.0
187,139470,4.0
187,142175,1.0
187,138476,5.0
187,135566,5.0
187,137051,5.0
187,137310,4.0
187,147923,5.0
187,146962,4.0
187,144588,4.0
187,140769,4.0
187,138905,5.0
187,141122,5.0
187,138306,3.0
187,136075,4.0
187,142523,5.0
187,146885,3.0
187,137477,4.0
187,137828,3.0
187,136884,3.0
187,135255,2.0
187,141734,4.0
187,139975,5.0
187,139668,5.0
187,137711,5.0
187,136866,3.0
187,137724,4.0
187,144270,5.0
187,139559,1.0
187,142520,5.0
187,141850,5.0
187,136917,5.0
187,138597,3.0
187,136856,3.0
187,136126,3.0
187,144412,3.0
187,136239,3.0
187,134995,4.0
187,138278,4.0
187,140606,4.0
187,141951,3.0
187,141088,4.0
187,138911,5.0
187,139367,5.0
187,143936,3.0
187,146625,5.0
187,136402,2.0
187,136733,1.0
187,146062,4.0
187,142832,5.0
187,146782,3.0
187,138106,5.0
187,147585,4.0
187,141205,4.0
187,145905,2.0
187,138155,4.0
187,138190,4.0
187,139585,5.0
187,144338,5.0
187,137881,4.0
187,142656,5.0
187,141815,5.0
187,147803,3.0
187,147691,3.0
187,143645,4.0
187,141147,3.0
187,141589,5.0
187,139273,4.0
187,147563,3.0
187,146583,4.0
187,145097,4.0
187,144226,3.0
187,139065,4.0
187,135437,4.0
187,143037,3.0
187,137351,3.0
187,147295,5.0
187,145193,4.0
187,144787,5.0
187,137487,3.0
187,135822,5.0
187,139582,4.0
187,138674,5.0
187,145105,5.0
187,135852,5.0
187,142060,5.0
187,138113,5.0
187,147589,5.0
187,147833,5.0
187,139155,3.0
187,134915,4.0
187,143010,2.0
187,136819,4.0
187,145733,4.0
187,135996,2.0
187,139222,2.0
187,137289,3.0
187,139406,4.0
187,136391,4.0
187,146759,4.0
187,138310,4.0
187,138511,4.0
187,146738,4.0
187,141531,5.0
187,136029,4.0
187,143146,4.0
187,136968,4.0
187,144839,4.0
187,144290,4.0
187,139289,3.0
187,147245,3.0
187,138757,4.0
187,145612,4.0
187,143835,3.0
187,136026,4.0
187,141020,5.0
187,144989,3.0
187,142268,4.0
187,146687,4.0
187,147457,5.0
640,138903,5.0
640,144094,5.0
640,139098,5.0
640,145704,5.0
640,145448,5.0
640,137504,5.0
640,145189,5.0
640,142255,5.0
640,136570,5.0
640,139868,5.0
640,135433,5.0
640,147855,5.0
640,141226,5.0
640,136931,5.0
640,143294,5.0
572,142903,4.0
572,147054,5.0
572,142443,4.0
572,138142,5.0
572,144546,4.0
572,142467,5.0
572,146535,5.0
444,141515,4.0
444,145043,4.0
444,146236,4.0
444,138930,5.0
444,145222,4.0
202,140875,5.0
202,144040,4.0
202,138791,5.0
202,146662,5.0
202,144186,4.0
1295,146227,4.0
1295,143117,5.0
1295,147015,3.0
1295,136835,5.0
1295,144315,4.0
718,147670,3.0
718,135042,4.0
718,139413,5.0
718,143945,4.0
718,147850,3.0
1008,146505,4.0
1008,147799,5.0
1008,142882,5.0
1008,137326,3.0
1008,142265,5.0
1008,146145,5.0
1008,145950,4.0
1008,144831,4.0
1008,137814,5.0
1008,138815,4.0
1008,143199,5.0
1008,138085,5.0
1008,139161,4.0
1008,147146,5.0
1008,135579,5.0
1008,138274,5.0
1008,138980,5.0
1008,136107,5.0
1008,145921,5.0
1008,139486,4.0
1008,141155,5.0
1008,145308,5.0
1008,135899,4.0
1008,145126,5.0
1008,144853,4.0
1008,137387,4.0
1008,139235,5.0
1008,138746,5.0
1008,147924,4.0
1008,141538,5.0
1008,146860,5.0
1008,135879,5.0
1008,139156,5.0
1008,139537,4.0
1008,135378,5.0
1008,139688,5.0
1008,142647,4.0
1008,147787,5.0
1008,144495,5.0
1008,145065,5.0
1008,135390,5.0
1008,135229,4.0
1008,139964,5.0
1008,136318,5.0
1008,142008,5.0
1008,145512,4.0
1008,137873,5.0
1008,138254,4.0
1008,145661,5.0
1008,147409,4.0
1008,140585,5.0
1008,144618,4.0
1008,138953,4.0
1008,139420,5.0
1008,136222,3.0
1008,141459,4.0
1008,136095,4.0
1008,139373,5.0
1008,141595,5.0
1008,136474,4.0
1008,138531,4.0
1008,139146,1.0
1008,139517,5.0
1008,144067,5.0
1008,139169,5.0
1008,142764,5.0
1008,136899,4.0
1008,142105,4.0
1008,142483,4.0
1008,145077,4.0
1008,147600,4.0
1008,141079,5.0
1008,141644,4.0
1008,141746,5.0
1008,144789,5.0
1008,135081,4.0
1008,145937,4.0
1008,147438,5.0
1008,142187,5.0
1008,144990,4.0
1008,134817,5.0
1008,147293,4.0
1008,136032,4.0
179,138244,5.0
179,144941,5.0
179,137722,2.0
179,143514,1.0
179,141764,5.0
463,144666,4.0
463,134858,5.0
463,143882,5.0
463,138684,4.0
463,147180,5.0
52,140173,3.0
52,136595,3.0
52,141540,3.0
52,145691,3.0
52,137923,3.0
52,146132,3.0
52,136707,3.0
52,143137,3.0
52,136435,3.0
52,147479,3.0
52,143502,3.0
52,147057,3.0
52,140806,3.0
52,142054,3.0
52,140472,3.0
52,137366,3.0
52,146636,3.0
52,137240,3.0
52,147308,3.0
52,140559,3.0
52,143059,3.0
52,139108,3.0
52,145717,5.0
52,146722,4.0
52,144147,3.0
52,135290,3.0
52,144086,3.0
52,141117,3.0
52,135331,3.0
52,137276,3.0
52,135449,3.0
52,146175,4.0
52,141682,4.0
52,143728,3.0
52,139535,4.0
52,141177,3.0
52,142106,3.0
52,143716,3.0
52,141460,3.0
1114,139570,5.0
1114,135061,5.0
1114,145270,5.0
1114,141596,5.0
1114,142471,5.0
851,145899,5.0
851,146933,5.0
851,141623,5.0
851,138123,5.0
851,142826,5.0
851,138457,5.0
851,139609,5.0
851,142774,5.0
851,137204,5.0
851,143514,5.0
851,143711,5.0
851,145918,5.0
281,147891,5.0
281,142377,5.0
281,135250,5.0
281,137330,5.0
281,143089,5.0
281,138381,5.0
281,146146,5.0
281,135560,5.0
964,140515,2.0
964,139353,5.0
964,135415,1.0
964,144691,5.0
964,135240,2.0
95,143800,5.0
95,140706,4.0
95,136491,4.0
95,141019,4.0
95,146899,3.0
95,139363,5.0
95,143480,3.0
95,144589,5.0
95,147655,4.0
95,145951,5.0
95,143854,5.0
95,144593,3.0
95,135380,4.0
95,143763,5.0
95,135123,4.0
95,139019,5.0
95,142301,3.0
1072,146981,5.0
1072,135897,5.0
1072,147033,5.0
1072,140134,5.0
1072,139239,5.0
1054,141525,5.0
1054,147101,5.0
1054,141382,5.0
1054,140105,5.0
1054,146448,4.0
1054,135693,4.0
1054,142071,5.0
1054,137970,5.0
1054,141488,5.0
1054,145055,2.0
1054,134888,5.0
1054,140207,5.0
1054,137145,5.0
1054,138143,5.0
1054,139479,5.0
1054,138613,5.0
1054,143785,5.0
1054,141920,5.0
1054,143857,5.0
1054,137542,5.0
1054,147632,5.0
1054,142658,5.0
1054,142986,5.0
692,142238,5.0
692,147338,5.0
692,138362,5.0
692,146855,5.0
692,136982,5.0
692,140829,5.0
692,135321,5.0
692,141825,5.0
692,143138,5.0
757,141146,5.0
757,140913,5.0
757,146135,4.0
757,137122,5.0
757,139782,5.0
757,141089,5.0
757,135712,5.0
757,146641,5.0
757,147581,5.0
757,147074,5.0
757,143483,4.0
757,139966,5.0
757,139757,5.0
757,143169,5.0
925,145079,5.0
925,137007,5.0
925,145819,5.0
925,136821,5.0
925,147429,5.0
925,138317,5.0
925,138733,5.0
925,144767,5.0
925,136499,5.0
1252,147913,1.0
1252,146107,5.0
1252,135978,1.0
1252,142023,1.0
1252,140966,4.0
1231,147391,4.0
1231,139690,4.0
1231,138496,5.0
1231,143973,5.0
1231,139784,5.0
398,139675,4.0
398,143073,4.0
398,145927,4.0
398,143106,4.0
398,138465,4.0
398,142535,4.0
398,137302,5.0
398,143815,4.0
398,142892,4.0
398,138522,4.0
398,136027,5.0
398,139908,5.0
398,138770,4.0
398,136145,5.0
398,141364,5.0
398,135028,5.0
398,143817,5.0
398,145134,5.0
398,143445,3.0
398,144487,5.0
398,146904,4.0
398,143285,4.0
1172,138067,5.0
1172,139249,5.0
1172,136046,2.0
1172,136088,5.0
1172,135353,5.0
1172,140473,5.0
1172,147594,5.0
1289,139393,5.0
1289,140317,5.0
1289,138350,5.0
1289,143151,5.0
1289,136577,5.0
1289,145098,5.0
1289,138706,5.0
1289,142126,5.0
873,136382,5.0
873,145957,5.0
873,138145,5.0
873,145293,5.0
873,147593,5.0
873,142988,5.0
521,142158,4.0
521,145705,5.0
521,146569,5.0
521,145336,5.0
521,135847,5.0
605,138935,5.0
605,137983,5.0
605,146227,5.0
605,139630,5.0
605,136562,5.0
560,141581,5.0
560,141375,5.0
560,139415,5.0
560,135468,5.0
560,138020,5.0
560,146746,5.0
537,135056,4.0
537,144803,5.0
537,144022,5.0
537,141262,5.0
537,140804,5.0
797,136929,4.0
797,142348,5.0
797,137753,5.0
797,139712,5.0
797,142734,5.0
797,140068,5.0
797,137424,5.0
797,142223,5.0
797,143678,5.0
797,144093,5.0
797,145324,5.0
797,142862,5.0
797,145142,5.0
797,136796,5.0
797,147357,5.0
797,147171,5.0
797,137421,4.0
797,137192,5.0
797,145525,4.0
797,139079,5.0
797,147218,5.0
397,140550,5.0
397,137359,5.0
397,138121,5.0
397,137060,5.0
397,135959,5.0
397,141523,5.0
397,141220,5.0
397,141048,5.0
1181,143770,4.0
1181,140939,5.0
1181,139510,5.0
1181,145355,5.0
1181,137629,5.0
1181,135554,4.0
1181,147586,5.0
1181,142149,5.0
1181,137627,5.0
1181,142472,5.0
1181,144084,5.0
1181,147883,5.0
1181,139368,5.0
1181,138988,4.0
1181,139347,5.0
1181,143814,5.0
1181,137372,4.0
1181,137291,5.0
1181,137147,5.0
1181,140999,5.0
1181,139433,4.0
1181,142280,5.0
1181,135697,4.0
1181,140148,4.0
1181,139139,4.0
1181,145714,5.0
1181,136551,5.0
1181,144619,4.0
1181,134920,5.0
1181,139223,4.0
1181,142489,5.0
1181,136073,5.0
1181,145832,3.0
1181,147702,5.0
1181,142596,4.0
1181,136362,4.0
1181,141156,5.0
1181,145213,5.0
1181,139568,5.0
1181,137066,4.0
1181,136614,4.0
1181,143704,5.0
1181,136874,4.0
1181,144411,5.0
1181,138386,4.0
1181,147629,5.0
1181,144727,4.0
1181,145947,4.0
1181,141133,4.0
1181,139587,5.0
1181,138031,5.0
1181,138374,5.0
1181,142109,5.0
1181,141678,5.0
1181,135593,5.0
1181,147545,5.0
1181,140963,5.0
1181,143768,4.0
1181,137301,4.0
1181,138726,5.0
1181,142414,4.0
1181,146176,5.0
1181,136620,5.0
1181,147795,5.0
1181,143168,5.0
1181,141553,5.0
1181,136005,4.0
1181,135756,5.0
1181,142169,5.0
1181,143318,5.0
1181,135682,5.0
1181,137979,5.0
1181,147286,4.0
1181,142119,5.0
1181,138320,4.0
1181,137275,5.0
1181,142958,5.0
1181,140722,5.0
1181,144333,4.0
1181,145291,5.0
1181,137200,5.0
1181,138156,5.0
1181,140323,5.0
1181,138843,5.0
1181,139777,4.0
1181,146148,5.0
1181,143961,5.0
1181,141476,5.0
1181,135924,4.0
1181,142022,4.0
1181,140174,4.0
1181,135332,5.0
1181,137173,4.0
1181,146354,3.0
1181,146421,5.0
1181,139933,4.0
1181,140182,4.0
1181,146012,5.0
1181,140342,5.0
1181,141282,5.0
1181,139538,5.0
1181,135408,4.0
1181,142160,3.0
1181,135785,5.0
1181,147216,5.0
1181,146411,4.0
1181,135208,4.0
1181,135160,3.0
1181,143732,5.0
1181,142778,4.0
1181,141648,4.0
1181,146770,4.0
1181,147578,5.0
1117,144585,5.0
1117,143707,5.0
1117,140512,5.0
1117,138858,5.0
1117,139445,5.0
1117,141996,5.0
973,138329,2.0
973,138682,4.0
973,143430,3.0
973,142917,3.0
973,136044,4.0
973,139294,5.0
973,140180,5.0
291,143605,5.0
291,147575,5.0
291,135614,2.0
291,140927,5.0
291,142559,4.0
291,138028,5.0
347,147117,5.0
347,142579,5.0
347,137576,2.0
347,139163,1.0
347,143949,5.0
342,136449,5.0
342,147064,5.0
342,143279,5.0
342,141816,5.0
342,136206,5.0
342,140964,5.0
342,136153,5.0
342,145010,5.0
342,138587,5.0
342,144244,5.0
342,137290,5.0
983,141423,4.0
983,136700,5.0
983,146893,5.0
983,142032,2.0
983,136942,5.0
983,137142,1.0
983,144379,5.0
983,140118,4.0
983,139493,2.0
1027,144373,3.0
1027,136313,5.0
1027,139283,5.0
1027,143256,5.0
1027,142561,4.0
1125,137524,5.0
1125,138709,5.0
1125,146595,5.0
1125,138964,5.0
1125,138257,5.0
1125,137803,5.0
652,135230,5.0
652,143902,5.0
652,137898,5.0
652,146745,5.0
652,140389,4.0
415,135878,2.0
415,145244,2.0
415,134894,5.0
415,144490,3.0
415,142782,4.0
415,137133,5.0
415,135698,4.0
415,135128,4.0
415,138226,1.0
941,137319,5.0
941,143114,4.0
941,146187,4.0
941,147306,4.0
941,136906,2.0
941,147048,4.0
941,146266,5.0
1099,136698,5.0
1099,141429,5.0
1099,146172,5.0
1099,146188,5.0
1099,139825,5.0
1099,142429,5.0
848,145539,5.0
848,144983,5.0
848,139803,5.0
848,140925,4.0
848,144165,5.0
1034,142425,5.0
1034,143939,3.0
1034,144914,5.0
1034,135163,5.0
1034,135762,5.0
1034,146045,5.0
1034,134892,5.0
1034,138614,4.0
1034,137462,5.0
1034,140498,5.0
255,142331,5.0
255,135375,5.0
255,140758,5.0
255,135491,4.0
255,147708,1.0
496,136938,5.0
496,147542,5.0
496,135576,5.0
496,146164,4.0
496,145415,5.0
496,139786,5.0
1243,147162,5.0
1243,142435,5.0
1243,137102,4.0
1243,135684,5.0
1243,137955,5.0
745,139990,3.0
745,140381,4.0
745,144048,4.0
745,141801,4.0
745,144394,2.0
745,141093,5.0
745,136091,4.0
745,146828,4.0
745,135123,4.0
745,137682,4.0
745,146312,5.0
745,135163,4.0
745,141401,4.0
705,141198,5.0
705,147863,5.0
705,143573,5.0
705,135480,5.0
705,145735,5.0
705,139346,5.0
705,142577,5.0
705,138607,3.0
705,139453,5.0
705,140915,5.0
705,147488,5.0
705,143558,5.0
705,140500,5.0
606,135740,5.0
606,138043,5.0
606,139899,3.0
606,138316,4.0
606,135798,5.0
606,145428,5.0
254,147244,5.0
254,139760,5.0
254,135032,5.0
254,137038,5.0
254,144748,5.0
1126,146637,5.0
1126,134848,5.0
1126,138339,5.0
1126,143655,5.0
1126,140636,5.0
1126,138637,5.0
1126,135511,5.0
1126,147327,5.0
1126,144716,5.0
1126,141180,5.0
1126,142925,5.0
1126,143574,5.0
1126,145866,5.0
1126,135416,5.0
1126,135143,5.0
1217,146233,4.0
1217,136058,4.0
1217,137286,5.0
1217,136063,5.0
1217,138681,3.0
1335,145888,4.0
1335,139758,4.0
1335,141383,5.0
1335,145192,4.0
1335,140744,4.0
1335,141495,5.0
1335,146254,5.0
1335,142971,5.0
106,139875,5.0
106,135026,5.0
106,145006,5.0
106,135243,5.0
106,140736,5.0
106,141958,5.0
54,144334,3.0
54,141233,5.0
54,137414,1.0
54,144025,1.0
54,136001,5.0
402,144777,5.0
402,143235,5.0
402,145232,5.0
402,139838,5.0
402,146757,5.0
402,139753,5.0
402,141356,5.0
402,141730,5.0
402,138331,5.0
594,139467,5.0
594,147282,5.0
594,138092,5.0
594,140577,5.0
594,145283,5.0
1196,141832,5.0
1196,141203,5.0
1196,146153,5.0
1196,139275,5.0
1196,142466,5.0
1196,135561,5.0
1196,141504,5.0
1143,144457,5.0
1143,138931,5.0
1143,146039,3.0
1143,135019,5.0
1143,142675,5.0
1143,147095,1.0
1143,142550,5.0
72,144171,5.0
72,136976,5.0
72,140610,5.0
72,144405,5.0
72,142848,5.0
589,142170,3.0
589,140127,5.0
589,140114,3.0
589,139026,5.0
589,144896,5.0
589,140065,5.0
589,146741,5.0
589,140799,2.0
589,142747,4.0
589,136670,5.0
589,141671,2.0
589,141546,3.0
589,144375,5.0
589,137171,5.0
959,146042,5.0
959,142145,5.0
959,144676,5.0
959,140244,5.0
959,141105,5.0
959,135439,4.0
959,146702,5.0
959,138506,4.0
959,143871,5.0
959,134828,4.0
959,142421,4.0
959,136527,5.0
959,146924,4.0
959,135871,5.0
959,139263,5.0
959,142732,3.0
959,144700,4.0
959,143327,4.0
959,136566,4.0
959,142397,4.0
959,134903,5.0
959,146919,4.0
959,143460,4.0
959,137863,5.0
959,146203,4.0
959,138868,4.0
959,141852,4.0
959,141893,4.0
959,145346,3.0
959,146483,4.0
959,147318,4.0
959,138646,4.0
959,140409,4.0
959,135975,4.0
959,146060,4.0
959,146162,4.0
959,147774,4.0
959,135107,4.0
959,140547,5.0
959,136848,5.0
989,144720,5.0
989,135553,5.0
989,135083,5.0
989,147093,5.0
989,136418,5.0
100,135214,5.0
100,139779,5.0
100,136477,5.0
100,138754,5.0
100,143024,5.0
100,146966,5.0
100,139614,5.0
100,146677,5.0
100,141742,5.0
129,146496,5.0
129,141189,5.0
129,137129,5.0
129,146496,5.0
129,141189,5.0
129,137129,5.0
617,140938,3.0
617,145898,5.0
617,145610,3.0
617,138135,5.0
617,140402,5.0
617,142262,4.0
617,141880,5.0
617,137211,5.0
617,143128,3.0
617,143793,5.0
617,137676,5.0
617,141443,5.0
617,144041,4.0
986,139197,4.0
986,138818,5.0
986,146147,5.0
986,144704,5.0
986,144922,5.0
986,147018,1.0
986,137928,4.0
986,141021,5.0
986,140125,3.0
508,143567,5.0
508,138807,4.0
508,139676,4.0
508,138311,3.0
508,144042,2.0
508,138913,4.0
1268,142180,5.0
1268,140466,5.0
1268,137094,4.0
1268,139605,5.0
1268,147058,3.0
1268,142716,5.0
1268,146912,4.0
1268,140245,5.0
1268,147569,4.0
675,134942,5.0
675,136475,4.0
675,142992,5.0
675,139551,5.0
675,141355,5.0
675,137732,5.0
675,144371,1.0
877,135626,5.0
877,135251,3.0
877,146552,5.0
877,140998,5.0
877,136231,5.0
877,145860,5.0
240,147505,2.0
240,139879,5.0
240,136603,4.0
240,141490,5.0
240,143221,3.0
923,147134,5.0
923,145210,5.0
923,142860,5.0
923,143231,5.0
923,135692,5.0
923,137914,5.0
1187,139881,4.0
1187,143551,5.0
1187,147530,5.0
1187,139631,5.0
1187,139394,5.0
1187,136526,1.0
1068,137919,5.0
1068,144835,3.0
1068,143873,5.0
1068,144388,5.0
1068,136452,4.0
1068,146921,5.0
1068,144302,5.0
1068,135370,4.0
1068,137603,5.0
1068,147364,5.0
1068,145252,5.0
1068,136094,5.0
1068,136051,5.0
1068,144598,5.0
1068,139440,5.0
1245,138689,5.0
1245,135305,5.0
1245,147790,5.0
1245,140996,5.0
1245,142794,5.0
1245,141503,5.0
1245,138810,5.0
1245,145013,5.0
1245,145267,5.0
1245,137585,5.0
1245,143997,5.0
1245,137519,1.0
1245,143081,1.0
1245,137870,1.0
703,137534,5.0
703,136257,4.0
703,144915,5.0
703,138947,5.0
703,138244,1.0
703,147428,4.0
703,138749,4.0
703,143046,5.0
703,141061,5.0
703,135482,5.0
703,141675,2.0
703,141238,4.0
703,146478,5.0
469,139710,4.0
469,137037,1.0
469,141268,4.0
469,141196,4.0
469,137420,5.0
1175,144366,5.0
1175,136177,5.0
1175,142806,5.0
1175,137101,5.0
1175,146638,5.0
1175,144798,5.0
1175,139141,5.0
1175,147711,5.0
261,135793,5.0
261,137760,5.0
261,139107,5.0
261,143833,5.0
261,137179,5.0
148,140426,5.0
148,135823,5.0
148,145328,5.0
148,136076,5.0
148,142519,5.0
148,137961,5.0
148,141974,5.0
148,139719,4.0
148,140339,5.0
148,137906,5.0
148,136219,5.0
148,145979,5.0
148,142644,5.0
148,142142,5.0
148,140419,4.0
148,136228,5.0
148,146174,5.0
148,137056,3.0
148,147077,5.0
148,146684,5.0
148,139800,4.0
148,147011,5.0
148,139400,5.0
148,136064,5.0
148,140882,5.0
148,137239,4.0
148,137075,5.0
148,145813,4.0
148,136361,5.0
148,144306,5.0
148,136742,5.0
148,144888,4.0
148,143080,4.0
921,141781,5.0
921,135605,4.0
921,134864,5.0
921,136220,3.0
921,141340,5.0
921,140965,5.0
921,136473,5.0
921,146509,5.0
921,135746,5.0
921,136267,5.0
195,141474,5.0
195,145100,5.0
195,143616,5.0
195,141845,5.0
195,137775,5.0
195,146841,5.0
195,147317,5.0
195,146274,5.0
195,135087,5.0
7,140484,5.0
7,140377,5.0
7,142283,5.0
7,139365,3.0
7,134821,4.0
7,147467,4.0
7,135211,4.0
7,140314,4.0
7,147695,5.0
7,147076,5.0
7,136617,5.0
7,136017,5.0
7,136737,5.0
7,137127,5.0
7,136000,5.0
7,140672,5.0
7,147752,5.0
7,147876,5.0
7,146934,5.0
7,145067,4.0
7,140225,4.0
7,147643,5.0
7,147288,5.0
7,146291,5.0
7,137653,5.0
7,145015,5.0
7,139804,5.0
7,142645,5.0
7,146461,5.0
7,136739,5.0
7,146454,5.0
7,140869,4.0
7,141183,5.0
7,140443,5.0
7,140338,5.0
7,137002,5.0
7,144459,5.0
7,136269,5.0
7,137937,5.0
7,144868,4.0
7,135789,5.0
7,143753,5.0
7,145636,5.0
7,141947,5.0
7,143482,5.0
7,136371,4.0
7,142442,5.0
7,145183,5.0
7,140058,5.0
7,141271,5.0
7,138898,5.0
7,142694,5.0
7,146514,5.0
7,135388,5.0
7,141766,5.0
7,137391,5.0
7,144656,5.0
7,146257,5.0
7,145312,5.0
7,140859,5.0
7,135567,4.0
7,146482,5.0
7,147544,5.0
1049,140819,2.0
1049,147827,3.0
1049,144594,4.0
1049,137354,3.0
1049,140081,3.0
621,140773,5.0
621,137855,5.0
621,139053,4.0
621,138737,2.0
621,140361,4.0
406,147804,5.0
406,135307,5.0
406,147385,5.0
406,136487,5.0
406,144877,5.0
406,142902,5.0
406,144276,5.0
406,141440,5.0
406,145074,5.0
406,139132,5.0
406,146570,5.0
406,145852,5.0
406,140801,5.0
406,137454,5.0
406,147471,5.0
406,145963,5.0
406,147524,5.0
406,138318,5.0
406,141206,5.0
406,146723,5.0
406,146531,5.0
406,145507,5.0
406,135397,5.0
406,142970,5.0
1184,136652,5.0
1184,140687,5.0
1184,146000,5.0
1184,140251,5.0
1184,135634,5.0
1184,137486,5.0
1184,138574,5.0
1184,142495,5.0
1184,147853,5.0
1184,136664,5.0
1184,136731,5.0
1184,136562,5.0
1184,137983,5.0
1184,139389,5.0
1184,146216,5.0
1184,139435,5.0
1184,147292,5.0
1184,147588,5.0
1184,139630,5.0
1184,141052,5.0
1184,142451,5.0
1184,135807,5.0
425,137921,5.0
425,147773,5.0
425,140747,5.0
425,142589,5.0
425,135518,5.0
425,144131,5.0
425,145826,5.0
425,139901,5.0
425,142796,5.0
425,135797,5.0
425,140427,5.0
1014,145966,5.0
1014,138402,5.0
1014,144437,5.0
1014,136336,5.0
1014,143638,5.0
1111,137336,5.0
1111,146971,5.0
1111,146640,5.0
1111,140292,5.0
1111,138494,5.0
1111,144854,5.0
1111,135455,5.0
1111,135431,5.0
1111,145805,5.0
1111,141043,5.0
1111,147309,5.0
1323,145289,5.0
1323,137368,5.0
1323,137388,5.0
1323,147242,5.0
1323,140753,4.0
1323,135311,1.0
1323,137314,5.0
1323,138832,5.0
1323,135719,1.0
1323,147507,5.0
1323,144286,5.0
1323,145063,5.0
1323,143330,5.0
1323,138422,5.0
1323,134830,5.0
1323,147476,5.0
1323,145628,5.0
845,135428,4.0
845,141904,5.0
845,139533,5.0
845,143082,5.0
845,144384,4.0
845,145884,4.0
845,145787,4.0
845,144569,4.0
845,145651,5.0
845,139671,4.0
845,142553,4.0
845,145440,5.0
845,139650,4.0
845,144469,3.0
37,138513,5.0
37,142852,5.0
37,135412,5.0
37,147061,5.0
37,140334,5.0
37,134820,5.0
37,141837,5.0
37,138542,5.0
37,147158,5.0
37,138479,5.0
37,145205,5.0
37,135750,5.0
37,139913,5.0
534,146930,4.0
534,146930,4.0
534,146930,4.0
534,146930,4.0
534,146930,4.0
534,146930,4.0
1247,140646,3.0
1247,139077,1.0
1247,144788,5.0
1247,139364,5.0
1247,135161,1.0
1247,140646,3.0
1247,139077,1.0
1247,144788,5.0
1247,139364,5.0
1247,135161,1.0
1211,139550,5.0
1211,143305,5.0
1211,135537,5.0
1211,142668,4.0
1211,136233,5.0
977,139129,5.0
977,140083,5.0
977,141127,5.0
977,139296,5.0
977,137893,5.0
977,136043,5.0
546,145861,5.0
546,136604,5.0
546,142067,5.0
546,138952,5.0
546,147256,5.0
546,139763,5.0
546,137514,5.0
546,135328,5.0
546,134891,5.0
1115,136107,5.0
1115,138917,5.0
1115,138798,5.0
1115,138883,5.0
1115,142449,5.0
1115,137058,5.0
1115,136107,5.0
1115,138917,5.0
1115,138798,5.0
1115,138883,5.0
1115,142449,5.0
1115,137058,5.0
1327,145110,5.0
1327,140615,5.0
1327,143970,5.0
1327,144118,5.0
1327,140967,5.0
1327,135135,5.0
1327,146222,5.0
1327,147631,5.0
1327,135015,5.0
887,142199,5.0
887,147492,5.0
887,135253,5.0
887,137657,5.0
887,142201,5.0
887,136285,5.0
887,146204,5.0
887,144413,5.0
887,144719,5.0
887,142185,5.0
677,137363,5.0
677,147470,5.0
677,135928,5.0
677,143878,5.0
677,137500,5.0
677,137220,4.0
888,134880,5.0
888,144196,3.0
888,138822,5.0
888,140212,3.0
888,135271,5.0
888,137537,3.0
888,141524,2.0
649,146035,5.0
649,147348,5.0
649,144828,5.0
649,144959,5.0
649,146800,5.0
649,138799,5.0
649,138816,5.0
649,139306,5.0
649,139914,5.0
816,145509,5.0
816,138975,5.0
816,143561,5.0
816,140242,5.0
816,147845,5.0
310,136257,5.0
310,135960,4.0
310,146035,5.0
310,144026,5.0
310,147837,5.0
310,141365,5.0
729,143684,4.0
729,136944,5.0
729,136490,5.0
729,135276,5.0
729,146325,5.0
729,147009,4.0
729,136052,5.0
729,143075,4.0
729,138411,4.0
729,137478,5.0
729,137871,5.0
729,136619,4.0
729,139304,5.0
729,141962,5.0
729,147080,4.0
729,144408,4.0
729,144622,4.0
729,143358,4.0
729,138945,4.0
729,140734,5.0
729,138462,2.0
729,135784,4.0
729,137819,4.0
729,136736,4.0
729,135804,5.0
729,142899,4.0
729,146857,5.0
729,141030,4.0
939,142291,5.0
939,144167,5.0
939,136381,5.0
939,142339,5.0
939,139597,5.0
835,147780,5.0
835,147142,5.0
835,136951,5.0
835,144827,5.0
835,136632,5.0
169,140824,5.0
169,142781,5.0
169,146946,5.0
169,139211,5.0
169,140827,5.0
169,139134,5.0
169,141419,5.0
169,144845,5.0
169,138260,5.0
1000,136688,5.0
1000,142209,5.0
1000,141592,4.0
1000,146575,3.0
1000,145742,3.0
1000,143103,2.0
1000,135950,4.0
1000,135830,3.0
636,140327,5.0
636,147582,5.0
636,146558,5.0
636,140835,5.0
636,147290,4.0
636,140710,5.0
636,143698,5.0
636,143554,4.0
758,138645,5.0
758,143276,4.0
758,144451,4.0
758,138203,2.0
758,142953,1.0
758,143549,5.0
758,144912,4.0
267,146334,4.0
267,139328,5.0
267,145808,4.0
267,139556,3.0
267,136963,5.0
267,140274,5.0
798,143803,1.0
798,142856,5.0
798,135555,5.0
798,139498,5.0
798,138256,5.0
798,145790,5.0
798,145587,5.0
389,144732,5.0
389,135672,5.0
389,135826,5.0
389,142009,5.0
389,135082,5.0
389,140647,5.0
750,139020,1.0
750,144574,4.0
750,142508,5.0
750,141886,5.0
750,147647,3.0
1215,140751,5.0
1215,138136,4.0
1215,145029,5.0
1215,139290,4.0
1215,143927,4.0
1215,146320,5.0
1215,135374,5.0
1215,145254,4.0
270,142678,4.0
270,139625,4.0
270,138995,4.0
270,143812,4.0
270,138445,4.0
270,141433,4.0
270,139744,4.0
270,142186,4.0
270,135907,4.0
270,138287,4.0
270,146592,4.0
208,146009,5.0
208,138265,5.0
208,137133,5.0
208,137096,2.0
208,140811,3.0
968,144568,5.0
968,141556,5.0
968,145034,1.0
968,145625,5.0
968,139787,5.0
968,144942,5.0
1285,143621,5.0
1285,135939,5.0
1285,138774,5.0
1285,137555,4.0
1285,136374,5.0
364,136721,5.0
364,146724,5.0
364,147454,5.0
548,140705,5.0
548,147716,5.0
548,146173,5.0
548,147564,5.0
548,145938,5.0
548,144263,5.0
548,135727,5.0
666,136247,5.0
666,147866,5.0
666,141291,5.0
666,146892,1.0
666,137348,5.0
903,135817,5.0
903,137719,5.0
903,143439,5.0
903,147671,5.0
903,136255,5.0
1288,144033,4.0
1288,142052,5.0
1288,146973,5.0
1288,139076,5.0
1288,143021,5.0
1288,139703,5.0
1288,140793,5.0
48,141936,5.0
48,146511,5.0
48,141384,5.0
48,139567,4.0
48,138580,5.0
48,145607,3.0
48,143734,5.0
48,141737,5.0
48,139039,5.0
503,147753,5.0
503,138664,5.0
503,142601,5.0
503,135120,5.0
503,145128,5.0
503,144655,5.0
503,145650,5.0
503,139073,5.0
503,135946,5.0
502,146278,5.0
502,138592,5.0
502,140403,5.0
502,147177,5.0
502,135548,5.0
502,143908,5.0
1264,136749,4.0
1264,140872,3.0
1264,136442,1.0
1264,138276,3.0
1264,147118,5.0
1264,146796,5.0
1264,140439,4.0
1264,146609,4.0
1264,143040,4.0
821,140794,5.0
821,142239,5.0
821,146480,5.0
821,137963,5.0
821,144769,5.0
821,136690,5.0
821,147758,5.0
821,137396,5.0
821,145214,5.0
821,145049,5.0
821,142731,5.0
821,135204,5.0
821,139300,5.0
821,145158,5.0
821,144682,5.0
821,144857,5.0
821,134982,5.0
821,138576,5.0
821,144344,5.0
821,140990,5.0
821,147041,5.0
821,140532,5.0
821,140108,5.0
821,143702,5.0
821,146861,5.0
821,141667,5.0
821,140620,5.0
821,141092,5.0
821,145679,5.0
821,142705,5.0
821,142788,5.0
821,143937,5.0
821,145889,5.0
821,142948,5.0
821,135597,5.0
821,138499,5.0
821,136403,5.0
821,138949,5.0
821,137412,5.0
821,147186,5.0
821,141987,5.0
821,141868,5.0
821,142695,5.0
821,140994,5.0
821,142904,5.0
821,146261,5.0
821,141403,5.0
821,145449,5.0
867,135244,5.0
867,135291,5.0
867,145184,5.0
867,137929,5.0
867,140670,5.0
867,141979,5.0
867,146496,5.0
1047,136344,2.0
1047,137930,5.0
1047,147648,4.0
1047,146198,4.0
1047,142538,2.0
1079,145637,5.0
1079,142607,5.0
1079,138567,5.0
1079,140011,5.0
1079,144966,5.0
927,139417,5.0
927,135905,5.0
927,139419,5.0
927,145914,5.0
927,138348,5.0
927,138363,5.0
927,139082,5.0
1007,136084,1.0
1007,141035,3.0
1007,145809,5.0
1007,136857,5.0
1007,146470,5.0
1007,145186,1.0
965,143099,5.0
965,139385,5.0
965,145405,5.0
965,142890,5.0
965,140777,5.0
965,137241,5.0
965,140887,5.0
965,137967,5.0
965,144848,4.0
965,138989,5.0
686,143011,5.0
686,141685,5.0
686,137730,5.0
686,135458,5.0
686,142924,5.0
686,144280,4.0
574,142237,5.0
574,135711,5.0
574,137850,3.0
574,146492,5.0
574,140428,5.0
430,140175,5.0
430,137620,5.0
430,137227,5.0
430,135898,5.0
430,140388,4.0
430,147494,5.0
948,145410,4.0
948,143397,5.0
948,137633,1.0
948,139474,3.0
948,146285,3.0
948,140928,4.0
948,135383,5.0
948,147307,5.0
948,135350,5.0
948,135952,5.0
948,145608,5.0
948,138045,5.0
948,136356,5.0
428,136425,5.0
428,147452,5.0
428,146975,5.0
428,147727,5.0
428,136028,3.0
428,137684,3.0
428,136840,5.0
428,137749,5.0
428,145721,5.0
428,146806,5.0
1244,137452,5.0
1244,142386,5.0
1244,138485,5.0
1244,146801,5.0
1244,141785,5.0
1244,139728,5.0
1244,145181,5.0
1244,142172,5.0
1308,138382,4.0
1308,137665,5.0
1308,139257,4.0
1308,145998,3.0
1308,136949,5.0
1308,140223,5.0
1308,140521,3.0
1308,139446,4.0
1308,144763,5.0
1308,137294,2.0
1067,146030,4.0
1067,143282,4.0
1067,143307,4.0
1067,135684,4.0
1067,138322,5.0
710,139206,5.0
710,144689,5.0
710,140884,5.0
710,136709,5.0
710,136168,5.0
710,143917,5.0
710,145524,4.0
710,137312,3.0
917,143202,1.0
917,145880,1.0
917,138628,5.0
917,145461,1.0
917,140557,5.0
917,140047,1.0
917,143654,5.0
917,146522,5.0
917,146986,3.0
917,138061,5.0
917,136822,5.0
383,139259,5.0
383,135569,5.0
383,135187,5.0
383,137453,5.0
383,135562,5.0
1249,137767,5.0
1249,139750,5.0
1249,136319,5.0
1249,136958,5.0
1249,135163,5.0
1249,140029,5.0
1249,140713,5.0
1249,143476,5.0
1249,137528,5.0
1249,141432,5.0
1249,137594,5.0
1249,136924,5.0
1249,147515,5.0
1249,145534,5.0
1249,144836,5.0
1249,143617,5.0
1249,144003,5.0
1249,147614,5.0
1249,140524,5.0
1249,139225,5.0
1249,143391,5.0
1249,141768,5.0
1249,138924,5.0
1249,137304,5.0
1249,137186,5.0
1249,145150,5.0
1249,143291,5.0
1249,147167,5.0
1249,137817,5.0
1249,144855,5.0
1249,136036,5.0
1249,140959,5.0
1249,145000,5.0
1249,135372,5.0
1249,140970,5.0
1249,145496,5.0
1249,145090,5.0
1249,135715,5.0
1249,137467,5.0
1249,137480,5.0
1249,141915,5.0
1249,143440,5.0
1249,143628,5.0
1249,136300,5.0
1249,139858,5.0
1249,143112,5.0
1249,144010,5.0
150,145215,2.0
150,142543,4.0
150,143313,5.0
150,136199,2.0
150,144542,5.0
150,145522,3.0
150,137699,5.0
501,139861,5.0
501,147289,5.0
501,135121,5.0
501,140300,5.0
501,143047,5.0
501,138616,5.0
183,146509,5.0
183,137205,5.0
183,137117,4.0
183,143371,5.0
183,142484,4.0
183,139268,4.0
183,145988,5.0
1178,145687,5.0
1178,135364,3.0
1178,142580,3.0
1178,141861,4.0
1178,144321,4.0
1178,141327,4.0
1178,146980,4.0
1178,146554,4.0
1178,142703,4.0
1178,136303,5.0
1178,138128,4.0
1178,146850,5.0
1178,147388,4.0
1178,143884,4.0
1178,138801,4.0
1178,144550,4.0
1178,141408,4.0
1178,142456,4.0
1178,138007,4.0
1178,143712,4.0
1178,139991,4.0
1178,141640,3.0
1178,147405,4.0
1178,137704,4.0
1178,144155,4.0
1178,136037,3.0
1178,144187,3.0
1178,135938,4.0
1178,145923,4.0
1178,142431,5.0
1178,143664,4.0
1178,139409,5.0
1178,147506,4.0
1178,140188,3.0
1178,142760,4.0
1178,147888,4.0
1178,146779,4.0
1178,138219,4.0
1178,138523,4.0
886,138763,4.0
886,147721,5.0
886,146472,4.0
886,147040,5.0
886,141540,3.0
886,139040,5.0
886,141257,5.0
886,144543,5.0
886,140383,5.0
886,144838,5.0
886,140763,5.0
886,142479,5.0
886,141922,4.0
886,142565,5.0
886,144343,4.0
886,140265,4.0
886,143689,5.0
886,142342,5.0
886,137420,5.0
886,136180,5.0
886,146477,5.0
886,146581,5.0
886,141519,4.0
886,145386,5.0
886,146304,5.0
886,143848,5.0
886,146262,5.0
886,146927,5.0
886,139478,5.0
886,141999,5.0
886,141386,5.0
886,147710,5.0
886,146692,5.0
886,138670,5.0
886,145861,5.0
886,143670,4.0
886,141813,5.0
886,135991,3.0
886,144801,4.0
886,136867,5.0
886,145862,5.0
886,145227,5.0
886,139099,4.0
886,144536,5.0
886,138414,4.0
886,138357,3.0
886,137172,4.0
886,145056,5.0
886,143542,5.0
886,135853,5.0
886,136604,5.0
886,138956,5.0
643,141436,5.0
643,144778,4.0
643,139762,2.0
643,141909,5.0
643,138875,3.0
1338,136783,2.0
1338,146499,5.0
1338,135346,1.0
1338,137609,5.0
1338,135601,3.0
1338,135460,2.0
1338,136630,2.0
1338,141145,5.0
1338,145234,5.0
1338,144897,5.0
1338,136600,5.0
1338,138552,5.0
1338,136376,5.0
258,136444,5.0
258,140433,5.0
258,141379,5.0
258,146905,5.0
258,136754,4.0
1078,138819,5.0
1078,135430,5.0
1078,137139,5.0
1078,137298,5.0
1078,139738,5.0
357,142974,5.0
357,136977,2.0
357,142803,5.0
357,141522,5.0
357,138971,4.0
357,142272,5.0
357,137660,5.0
357,135694,5.0
1319,145595,5.0
1319,137325,5.0
1319,143994,5.0
1319,142838,5.0
1319,137343,5.0
1319,142473,4.0
958,141888,5.0
958,135782,4.0
958,136209,4.0
958,140497,3.0
958,135357,5.0
958,143941,5.0
958,147009,4.0
958,136775,5.0
271,140302,5.0
271,145339,5.0
271,144202,5.0
271,140390,5.0
271,145068,5.0
271,143933,5.0
283,138627,5.0
283,135195,5.0
283,137754,5.0
283,142963,5.0
283,140880,5.0
283,137365,5.0
283,140177,5.0
283,135578,5.0
455,138396,5.0
455,139900,3.0
455,136530,5.0
455,141466,5.0
455,139351,5.0
455,147818,5.0
455,145523,5.0
455,147415,5.0
455,144140,5.0
455,145088,5.0
1251,140002,5.0
1251,137827,5.0
1251,146041,5.0
1251,139227,5.0
1251,135586,5.0
200,138137,5.0
200,144429,5.0
200,141140,4.0
200,139329,5.0
200,137761,5.0
200,141022,5.0
200,138076,5.0
200,138563,5.0
200,142563,5.0
200,137115,5.0
200,142998,5.0
350,137155,3.0
350,145269,1.0
350,143211,1.0
350,143299,4.0
350,139133,5.0
350,139357,4.0
350,138551,5.0
350,140211,5.0
350,144465,5.0
680,137063,5.0
680,140745,5.0
680,138735,5.0
680,141036,5.0
680,139598,1.0
680,142713,1.0
680,140032,1.0
680,141937,5.0
680,140844,1.0
1179,146269,5.0
1179,147908,5.0
1179,136800,5.0
1179,145170,5.0
1179,136146,5.0
1179,135358,2.0
1179,146269,5.0
1179,147908,5.0
1179,136800,5.0
1179,145170,5.0
1179,136146,5.0
1179,135358,2.0
188,140510,5.0
188,147009,5.0
188,136054,5.0
188,138647,5.0
188,144197,5.0
188,140116,5.0
188,140855,5.0
188,146873,5.0
188,142245,5.0
188,147729,5.0
188,147223,5.0
188,146067,5.0
188,145418,5.0
734,144382,5.0
734,147912,5.0
734,142363,5.0
734,139397,5.0
734,138851,5.0
443,140644,5.0
443,136637,5.0
443,145309,5.0
443,140142,5.0
443,137499,4.0
443,142214,3.0
1270,145711,5.0
1270,144253,5.0
1270,135419,3.0
1270,137076,3.0
1270,139622,5.0
1270,143570,4.0
1270,144124,3.0
1270,141655,5.0
1270,142483,4.0
1270,135748,3.0
1270,143322,4.0
1270,146084,5.0
1270,139665,5.0
1270,146928,5.0
1270,143052,5.0
1270,142755,4.0
1270,145007,4.0
549,145881,5.0
549,135767,5.0
549,145131,5.0
549,140916,4.0
549,140499,5.0
512,137625,5.0
512,140783,4.0
512,145918,5.0
512,143117,5.0
512,135705,5.0
512,135075,5.0
512,146561,5.0
512,138625,5.0
512,138312,5.0
512,146077,5.0
512,140066,5.0
512,144349,5.0
493,134993,5.0
493,145419,5.0
493,139043,5.0
493,141916,5.0
493,137488,5.0
493,142118,5.0
493,138756,5.0
493,140542,5.0
493,135519,5.0
493,142843,5.0
493,142074,5.0
493,136264,5.0
493,137228,5.0
493,143962,5.0
493,140088,5.0
493,146196,5.0
493,135739,5.0
493,135957,5.0
493,139992,5.0
493,137887,5.0
493,146571,5.0
493,140310,5.0
493,146710,5.0
493,138111,5.0
493,138873,5.0
493,147487,5.0
493,137702,5.0
493,146463,5.0
493,139145,5.0
493,142790,5.0
493,137616,5.0
493,139632,5.0
493,139407,5.0
493,136483,5.0
493,140348,5.0
493,140548,5.0
493,141823,5.0
493,138889,5.0
493,137497,5.0
493,137028,5.0
493,144079,5.0
493,137448,5.0
493,143899,5.0
493,140479,5.0
493,147701,5.0
493,142391,5.0
493,143323,5.0
493,144745,5.0
1022,139873,3.0
1022,145932,5.0
1022,145481,5.0
1022,135866,5.0
1022,145573,5.0
51,138633,5.0
51,143285,4.0
51,143441,5.0
51,144795,4.0
51,147911,5.0
51,136291,5.0
51,139255,5.0
51,135001,5.0
1029,144381,3.0
1029,134968,4.0
1029,143165,5.0
1029,142727,5.0
1029,141651,5.0
1029,136778,4.0
1029,143618,4.0
1029,143626,2.0
1029,138525,5.0
1029,135763,5.0
1029,135386,5.0
1029,147750,3.0
1029,140545,3.0
1029,142923,5.0
1029,146274,5.0
1029,135981,5.0
1029,139625,5.0
1029,144044,5.0
1029,138303,3.0
1029,140901,4.0
619,138097,5.0
619,142772,5.0
619,146366,5.0
619,139977,5.0
619,136511,5.0
619,137821,5.0
619,142383,5.0
319,145618,4.0
319,139152,5.0
319,138197,5.0
319,136272,5.0
319,143832,4.0
319,139962,4.0
319,141708,5.0
319,136349,5.0
319,138242,4.0
319,139101,5.0
319,147258,5.0
319,139511,5.0
319,146715,1.0
319,145153,3.0
625,145835,4.0
625,139953,4.0
625,146344,4.0
625,147294,4.0
625,140815,4.0
625,142384,4.0
625,143402,4.0
437,142208,5.0
437,135570,4.0
437,146455,5.0
437,138370,5.0
437,141202,5.0
1129,137617,5.0
1129,143762,5.0
1129,142996,5.0
1129,146413,5.0
1129,143859,5.0
359,141641,5.0
359,139689,5.0
359,138872,5.0
359,143343,5.0
359,147239,5.0
359,147296,5.0
359,145855,4.0
531,136470,2.0
531,137851,4.0
531,141939,5.0
531,135735,5.0
531,136470,2.0
531,137851,4.0
531,141939,5.0
531,135735,5.0
547,144712,5.0
547,146780,5.0
547,137472,5.0
547,145755,5.0
547,141359,5.0
404,142406,5.0
404,143401,5.0
404,145980,5.0
404,143825,5.0
404,138446,5.0
404,140740,5.0
404,143159,5.0
404,147635,5.0
8,145439,5.0
8,139849,1.0
8,146865,5.0
8,145439,5.0
8,139849,1.0
8,146865,5.0
733,147895,5.0
733,135117,4.0
733,142103,5.0
733,138799,5.0
733,135830,5.0
733,138816,5.0
1241,139109,4.0
1241,142135,4.0
1241,139597,5.0
1241,139295,3.0
1241,134854,4.0
1241,144667,4.0
870,139994,5.0
870,141010,5.0
870,142854,3.0
870,142167,3.0
870,143759,5.0
870,138837,5.0
75,135326,5.0
75,136191,5.0
75,141212,4.0
75,141691,4.0
75,145162,3.0
823,146273,4.0
823,137806,5.0
823,144668,5.0
823,140588,5.0
823,140419,4.0
997,142592,4.0
997,143252,4.0
997,138392,4.0
997,146825,4.0
997,145194,4.0
997,144916,4.0
27,141242,5.0
27,135190,5.0
27,146798,5.0
27,139840,5.0
27,135423,5.0
424,145345,4.0
424,146035,5.0
424,141752,5.0
424,145429,5.0
424,142058,5.0
424,138398,5.0
362,138753,5.0
362,146179,5.0
362,142510,5.0
362,140261,4.0
362,147849,5.0
362,136292,5.0
378,138044,5.0
378,147333,5.0
378,141565,4.0
378,137609,5.0
378,142847,5.0
378,141628,4.0
378,139950,5.0
746,146507,4.0
746,142646,5.0
746,147786,5.0
746,140576,4.0
746,135151,5.0
746,141095,4.0
746,147072,5.0
746,145743,4.0
746,141033,3.0
746,141051,4.0
746,141842,3.0
746,142687,4.0
746,136111,4.0
746,143652,4.0
746,145458,4.0
746,142617,4.0
746,137225,3.0
746,142257,3.0
746,142521,4.0
746,144533,4.0
746,145280,4.0
746,146100,5.0
1107,145486,5.0
1107,137765,5.0
1107,137406,5.0
1107,142595,5.0
1107,145622,5.0
1107,142336,5.0
1269,137158,5.0
1269,146225,5.0
1269,146504,5.0
1269,141966,1.0
1269,136785,5.0
1269,138033,5.0
1269,141508,5.0
1269,135794,3.0
1269,143529,5.0
1269,142271,5.0
1269,145592,5.0
1269,138977,5.0
545,142406,5.0
545,146396,5.0
545,140052,4.0
545,136581,4.0
545,147616,3.0
545,137168,5.0
356,141620,5.0
356,137358,5.0
356,141855,5.0
356,144703,5.0
356,141444,5.0
356,140091,5.0
356,143359,1.0
273,145999,5.0
273,144899,5.0
273,137031,5.0
273,137694,5.0
273,137367,5.0
273,144234,5.0
273,143370,5.0
920,147861,5.0
920,141775,4.0
920,137714,5.0
920,136644,5.0
920,147359,5.0
157,146166,5.0
157,136812,5.0
157,139531,4.0
157,144770,3.0
157,146029,5.0
157,136545,2.0
157,147032,4.0
157,135514,3.0
157,146323,5.0
157,137974,4.0
157,136925,5.0
157,144711,4.0
157,138716,3.0
157,135145,5.0
157,145188,4.0
1069,142676,4.0
1069,142222,5.0
1069,138459,3.0
1069,141711,5.0
1069,142972,4.0
500,141422,4.0
500,134955,4.0
500,143336,4.0
500,140790,4.0
500,143649,5.0
500,140625,5.0
500,139853,2.0
575,137879,5.0
575,142915,5.0
575,142263,5.0
575,142875,5.0
575,136532,5.0
575,143281,5.0
1261,143233,4.0
1261,146491,4.0
1261,141993,1.0
1261,142582,5.0
1261,137180,3.0
1261,141012,3.0
1261,147595,3.0
1261,135772,2.0
1261,143028,3.0
1261,139542,2.0
1261,136864,5.0
1261,147909,1.0
1261,147573,3.0
1261,142399,3.0
1261,138961,3.0
1261,147510,5.0
1225,139715,5.0
1225,136254,5.0
1225,138002,5.0
1225,138568,5.0
1225,142530,5.0
1225,136655,5.0
1225,139905,5.0
934,144967,5.0
934,139089,5.0
934,147555,5.0
934,146379,5.0
934,143744,5.0
934,145020,5.0
934,136481,5.0
934,139527,5.0
934,136877,5.0
934,143310,5.0
934,137673,5.0
934,143507,5.0
934,135089,5.0
934,138126,5.0
934,140257,5.0
934,143714,5.0
934,142041,5.0
934,141200,5.0
934,141144,5.0
934,141862,5.0
934,139014,5.0
934,145356,5.0
934,145977,5.0
934,142090,5.0
934,139835,5.0
934,141462,5.0
934,145285,5.0
934,143454,5.0
934,137793,5.0
934,144743,5.0
934,136304,5.0
934,137433,5.0
934,146695,5.0
934,141957,5.0
934,146408,5.0
934,140184,5.0
934,147734,5.0
934,143392,5.0
934,144345,5.0
934,135945,5.0
934,147620,5.0
934,147302,5.0
934,142288,5.0
934,139436,5.0
934,135590,5.0
934,139028,5.0
934,143004,5.0
934,139383,5.0
934,135962,5.0
934,134984,5.0
934,146500,5.0
934,146826,5.0
934,138270,5.0
934,146264,5.0
934,137835,5.0
934,135474,5.0
934,137998,5.0
934,146289,5.0
934,146189,5.0
934,145954,5.0
934,144189,5.0
934,139624,5.0
934,136366,5.0
934,147443,5.0
934,139013,5.0
934,137687,5.0
934,141450,5.0
934,145802,5.0
934,139088,5.0
934,146659,5.0
627,141317,4.0
627,135985,4.0
627,146369,5.0
627,137233,5.0
627,135615,5.0
627,145297,4.0
627,142715,4.0
627,134829,5.0
627,141548,5.0
1186,138153,4.0
1186,147529,4.0
1186,139090,5.0
1186,147659,4.0
1186,146666,4.0
1186,147059,5.0
1186,143149,4.0
1186,135054,5.0
1186,145019,3.0
1186,145225,4.0
1186,140201,5.0
1186,147188,4.0
1186,143844,4.0
1186,140899,5.0
1186,135760,5.0
1186,141791,4.0
1186,142388,4.0
1186,137185,4.0
1186,136298,4.0
1186,137866,4.0
1186,140244,3.0
1186,141221,5.0
1186,135076,5.0
1186,135043,5.0
1186,137789,4.0
1186,147831,4.0
1186,146909,4.0
1186,142370,4.0
1186,147534,4.0
1186,145701,4.0
1186,142364,4.0
1186,138073,4.0
1186,142394,5.0
1186,147447,4.0
1186,136724,5.0
1186,145443,5.0
1186,144772,4.0
1186,135023,5.0
1186,142615,4.0
151,139212,5.0
151,146034,5.0
151,139997,5.0
151,136039,5.0
151,146755,5.0
151,140494,3.0
151,136550,3.0
151,138442,3.0
58,146468,5.0
58,138539,5.0
58,137048,5.0
58,139843,5.0
58,138710,5.0
909,144496,5.0
909,136927,5.0
909,138050,5.0
909,139770,5.0
909,135530,5.0
909,138611,4.0
561,139102,5.0
561,136061,5.0
561,146524,5.0
561,143771,4.0
561,146415,5.0
14,142354,5.0
14,145078,5.0
14,141197,5.0
14,139301,5.0
14,145740,5.0
14,144799,5.0
694,136563,5.0
694,144510,5.0
694,144555,5.0
694,136591,5.0
694,135700,2.0
967,136876,2.0
967,144337,4.0
967,147087,3.0
967,135490,4.0
967,137196,3.0
967,137033,5.0
967,142657,5.0
259,140330,5.0
259,139854,5.0
259,145330,5.0
259,141438,5.0
259,137748,5.0
1346,142846,4.0
1346,137284,4.0
1346,140250,5.0
1346,139927,5.0
1346,135283,4.0
268,139215,4.0
268,141177,5.0
268,146548,5.0
268,136827,5.0
268,135526,5.0
268,137794,5.0
268,140247,2.0
268,137613,4.0
268,146786,5.0
268,139795,4.0
268,139403,5.0
598,146740,4.0
598,139330,5.0
598,142950,5.0
598,147420,5.0
598,142749,4.0
598,146869,5.0
598,141027,4.0
94,143448,5.0
94,141315,5.0
94,136297,5.0
94,138958,5.0
94,147686,5.0
94,136341,4.0
94,136588,5.0
94,145786,5.0
94,144524,5.0
94,147360,5.0
94,138755,5.0
94,141599,4.0
94,142302,5.0
94,137430,5.0
94,140900,5.0
94,145926,5.0
94,137626,5.0
94,143794,5.0
94,138267,5.0
94,147442,5.0
94,146081,5.0
94,137573,5.0
94,145551,5.0
94,139111,5.0
94,144438,5.0
94,146631,5.0
94,135894,5.0
94,135200,5.0
94,138437,5.0
94,140914,5.0
94,139489,5.0
94,142850,5.0
94,136740,5.0
94,139769,5.0
475,140094,4.0
475,138330,5.0
475,136870,5.0
475,138343,5.0
475,140386,5.0
1053,136062,4.0
1053,144441,5.0
1053,136952,5.0
1053,135636,5.0
1053,147732,4.0
779,135071,4.0
779,138279,1.0
779,143425,4.0
779,144878,5.0
779,145944,3.0
779,142648,4.0
779,140033,4.0
779,135179,4.0
779,138915,1.0
779,145387,5.0
779,142720,3.0
779,137054,5.0
196,147199,5.0
196,140856,4.0
196,144128,4.0
196,138605,3.0
196,134836,5.0
196,137441,5.0
196,142335,5.0
196,147932,5.0
1046,138391,5.0
1046,141421,5.0
1046,142512,5.0
1046,146963,4.0
1046,135103,5.0
1046,142162,4.0
1046,142912,5.0
1046,139604,5.0
879,143405,3.0
879,136423,5.0
879,136020,5.0
879,145993,5.0
879,136501,4.0
82,140190,5.0
82,136902,5.0
82,135050,5.0
82,144466,5.0
82,143284,5.0
82,146579,5.0
82,141465,5.0
82,142130,5.0
82,139564,5.0
82,135979,5.0
82,139387,5.0
82,144612,5.0
82,145020,5.0
82,145152,5.0
82,144157,5.0
82,143869,5.0
1063,137940,5.0
1063,144221,5.0
1063,139164,5.0
1063,140278,5.0
1063,134974,5.0
608,137839,5.0
608,137574,5.0
608,140727,5.0
608,135891,5.0
608,138473,5.0
608,139673,5.0
1042,146925,5.0
1042,135375,5.0
1042,146048,5.0
1042,147214,5.0
1042,146605,5.0
1042,140387,5.0
1042,145739,5.0
1042,142616,5.0
109,142068,5.0
109,144870,5.0
109,145379,5.0
109,144741,5.0
109,146190,5.0
109,136756,5.0
109,142156,1.0
109,145961,5.0
109,142470,5.0
109,136204,5.0
755,140279,5.0
755,143087,5.0
755,141120,5.0
755,145482,5.0
755,137628,4.0
1019,140843,4.0
1019,147928,4.0
1019,141306,5.0
1019,147709,4.0
1019,135302,4.0
1019,137739,4.0
1019,140138,5.0
1019,138218,5.0
1019,139041,5.0
1019,145915,5.0
1019,135538,5.0
1019,142724,5.0
1019,147259,5.0
1019,140635,4.0
1019,138598,5.0
1019,147030,5.0
1019,137662,5.0
1019,142879,5.0
1019,146959,5.0
1019,138019,5.0
1019,145433,5.0
1019,139308,5.0
1019,138683,5.0
1019,143096,5.0
1019,143183,5.0
1019,136437,5.0
1019,137304,4.0
1019,145942,5.0
1019,146014,5.0
1019,141482,5.0
1019,140208,4.0
1019,145370,4.0
1019,146428,3.0
1019,139954,5.0
1019,143022,3.0
1019,144687,5.0
1019,138116,5.0
1019,134826,4.0
1019,134892,4.0
1019,137204,3.0
1019,147483,3.0
1019,144176,5.0
1019,136290,3.0
1019,144339,5.0
1019,146854,5.0
1019,138295,4.0
446,142783,5.0
446,145549,5.0
446,145584,5.0
446,140266,5.0
446,135124,3.0
697,142587,5.0
697,135412,5.0
697,140334,5.0
697,138479,5.0
697,134820,5.0
697,145205,5.0
697,138542,5.0
697,139913,5.0
697,147061,5.0
697,147158,5.0
388,141245,5.0
388,140962,5.0
388,139819,5.0
388,139560,5.0
388,147814,5.0
1237,147749,5.0
1237,146401,5.0
1237,135596,5.0
1237,136179,5.0
1237,137785,5.0
1237,147167,5.0
1237,137776,5.0
1237,147664,5.0
1237,135134,5.0
1237,137186,5.0
1237,137176,5.0
558,138846,4.0
558,140131,5.0
558,136699,4.0
558,146812,5.0
558,139750,3.0
558,144143,5.0
384,146630,5.0
384,137618,5.0
384,136652,5.0
384,146751,5.0
384,135844,5.0
384,136397,5.0
384,135634,5.0
384,137983,5.0
384,138935,5.0
384,146216,5.0
384,136562,5.0
384,147189,5.0
384,144177,5.0
384,139389,5.0
384,146227,5.0
384,142477,5.0
69,139939,5.0
69,138904,1.0
69,141302,5.0
69,135074,5.0
69,147157,5.0
1128,137315,5.0
1128,142029,3.0
1128,136399,5.0
1128,140943,5.0
1128,142330,5.0
853,146732,4.0
853,147298,3.0
853,139603,3.0
853,144771,4.0
853,142634,3.0
853,145513,3.0
853,140628,2.0
853,142092,3.0
853,145794,1.0
853,139455,2.0
853,140191,4.0
853,136050,4.0
853,142488,2.0
853,143610,4.0
615,143050,5.0
615,141724,5.0
615,139682,5.0
615,142557,3.0
615,144146,5.0
178,140159,5.0
178,138939,5.0
178,138194,5.0
178,140587,4.0
178,141387,3.0
178,138131,5.0
520,142285,5.0
520,141722,1.0
520,141534,4.0
520,147111,3.0
520,140525,4.0
520,135024,4.0
520,144793,4.0
520,140906,5.0
1157,137419,3.0
1157,144121,5.0
1157,143247,5.0
1157,139502,4.0
1157,147740,3.0
1157,135525,4.0
1157,137266,5.0
1157,138602,4.0
1157,145266,5.0
1157,140087,5.0
868,141629,3.0
868,147511,4.0
868,135058,4.0
868,137352,5.0
868,138420,3.0
868,145693,5.0
868,139142,4.0
868,140276,4.0
868,147339,3.0
868,137986,4.0
868,144352,4.0
868,139321,5.0
674,140229,5.0
674,135882,5.0
674,144184,5.0
674,141118,5.0
674,140807,5.0
302,144484,5.0
302,147068,4.0
302,135443,5.0
302,146051,2.0
302,146973,4.0
302,137068,4.0
794,142427,5.0
794,144913,5.0
794,138675,3.0
794,138640,5.0
794,136340,5.0
794,142977,5.0
794,141626,5.0
891,141305,5.0
891,134911,5.0
891,141575,5.0
891,138469,5.0
891,145413,5.0
1322,136081,4.0
1322,136920,5.0
1322,146815,5.0
1322,147905,5.0
1322,141969,3.0
715,145554,4.0
715,137443,3.0
715,143902,5.0
715,145505,5.0
715,137831,5.0
715,138616,4.0
715,136055,5.0
715,134994,5.0
715,136632,5.0
715,144827,4.0
715,139798,5.0
715,141338,5.0
715,140812,5.0
715,140101,5.0
715,142207,4.0
715,137856,5.0
715,147780,5.0
715,139087,4.0
715,141369,4.0
715,145359,5.0
715,146361,5.0
715,147142,5.0
715,145124,5.0
715,138795,5.0
715,134934,5.0
715,144014,4.0
525,147062,2.0
525,145948,5.0
525,146380,5.0
525,141894,4.0
525,135792,4.0
525,147746,4.0
525,143325,3.0
525,147644,5.0
525,137647,5.0
830,142593,4.0
830,146474,5.0
830,138442,4.0
830,144781,4.0
830,137215,5.0
830,137185,5.0
830,144360,4.0
1341,139109,5.0
1341,135228,5.0
1341,141966,5.0
1341,145258,5.0
1341,136169,5.0
1341,135851,5.0
123,143162,5.0
123,145834,5.0
123,138586,5.0
123,136146,5.0
123,141613,5.0
123,138010,5.0
596,143587,5.0
596,135316,5.0
596,137710,5.0
596,143303,5.0
596,135916,5.0
596,147936,5.0
596,147513,5.0
596,139654,5.0
596,135336,5.0
596,137144,5.0
576,146023,4.0
576,146223,3.0
576,143071,4.0
576,138929,4.0
576,136443,4.0
576,142702,3.0
576,144354,4.0
1210,146106,5.0
1210,142980,5.0
1210,147200,5.0
1210,145083,5.0
1210,140059,5.0
844,144318,4.0
844,141786,5.0
844,147354,5.0
844,139581,5.0
844,146092,5.0
844,138830,5.0
899,136871,5.0
899,139741,5.0
899,142045,5.0
899,145864,5.0
899,147499,5.0
1333,138467,5.0
1333,139748,5.0
1333,146879,5.0
1333,146184,5.0
1333,145719,5.0
1333,143452,5.0
1333,140369,5.0
1333,138599,5.0
1333,144874,4.0
1333,147201,5.0
1333,141011,5.0
1333,146276,5.0
1333,141723,5.0
1333,143989,4.0
1333,140084,5.0
1333,145874,5.0
1333,139792,5.0
1333,145581,4.0
543,147528,5.0
543,144790,5.0
543,139147,5.0
543,139084,5.0
543,143434,5.0
543,138996,5.0
543,140214,5.0
543,143390,5.0
543,147528,5.0
543,144790,5.0
543,139147,5.0
543,139084,5.0
543,143434,5.0
543,138996,5.0
543,140214,5.0
543,143390,5.0
656,140487,5.0
656,140312,5.0
656,141659,5.0
656,145208,5.0
656,139727,4.0
656,137064,5.0
487,141253,5.0
487,144722,5.0
487,143870,3.0
487,142713,2.0
487,142965,5.0
487,140617,3.0
602,142133,5.0
602,136118,5.0
602,141208,1.0
602,136332,1.0
602,137816,5.0
602,142588,5.0
602,141107,5.0
602,140445,5.0
9,141439,5.0
9,137193,5.0
9,135385,5.0
9,138090,5.0
9,142241,5.0
9,142598,5.0
9,137357,5.0
9,147322,5.0
9,140305,4.0
9,141878,5.0
9,134975,4.0
189,143162,5.0
189,138322,5.0
189,139022,4.0
189,136387,4.0
189,140315,4.0
189,139652,5.0
189,135662,4.0
189,147757,5.0
951,137213,5.0
951,141209,1.0
951,143581,1.0
951,138371,1.0
951,147622,5.0
951,142679,5.0
951,143593,5.0
951,146634,5.0
951,138335,5.0
951,143292,5.0
951,140410,5.0
951,135287,1.0
951,135741,5.0
951,139492,5.0
951,140691,5.0
951,136104,5.0
951,142697,5.0
951,139071,5.0
951,135262,5.0
951,141354,5.0
951,140590,4.0
951,135116,5.0
951,140945,5.0
951,146265,5.0
951,147037,5.0
951,140785,5.0
951,141173,5.0
951,136928,5.0
951,136950,5.0
951,145847,5.0
951,146814,5.0
951,142527,5.0
951,140983,5.0
951,147765,5.0
951,145633,5.0
951,141163,1.0
951,138122,1.0
951,143950,5.0
951,136317,5.0
951,142806,5.0
951,145824,1.0
951,141597,5.0
951,139322,5.0
951,146133,5.0
951,143764,5.0
951,145811,1.0
951,137527,4.0
951,135911,1.0
951,144491,5.0
951,142743,5.0
951,140972,5.0
951,146793,5.0
951,146608,5.0
951,138892,5.0
337,135910,4.0
337,142131,3.0
337,139616,5.0
337,143998,5.0
337,139426,4.0
337,136582,4.0
300,144875,5.0
300,139514,5.0
300,139429,5.0
300,145471,4.0
300,144987,5.0
300,141978,5.0
300,136235,5.0
300,136217,4.0
300,141838,5.0
300,143902,5.0
300,142566,5.0
300,138616,5.0
300,142195,3.0
300,137492,4.0
300,136651,5.0
300,146654,5.0
300,136632,4.0
300,134994,5.0
300,140812,5.0
300,138245,5.0
300,140858,5.0
300,144827,5.0
300,136951,5.0
300,147142,5.0
300,138039,3.0
300,147780,5.0
300,138795,5.0
300,136610,4.0
300,146361,5.0
300,145124,5.0
300,134934,4.0
300,136055,5.0
300,139234,3.0
300,142246,5.0
300,136144,5.0
300,144814,5.0
300,137882,3.0
300,143187,5.0
300,143817,3.0
1013,136913,5.0
1013,144642,5.0
1013,137404,5.0
1013,135543,5.0
1013,137397,3.0
902,137190,5.0
902,140735,5.0
902,145922,4.0
902,146843,5.0
902,138662,5.0
902,147699,5.0
902,138295,4.0
902,144773,5.0
902,140290,5.0
902,140461,5.0
902,146385,5.0
902,145753,5.0
902,138707,5.0
902,146940,5.0
902,136509,5.0
902,141911,5.0
902,138778,5.0
902,141725,4.0
902,144808,5.0
902,139916,5.0
902,137410,5.0
902,138704,5.0
902,136320,5.0
902,138631,5.0
902,142411,5.0
902,147677,5.0
902,139945,5.0
902,136085,5.0
902,147081,5.0
902,142967,5.0
902,141228,4.0
902,142920,3.0
902,134944,4.0
902,143373,5.0
902,135783,5.0
902,146226,3.0
902,138970,5.0
902,135293,5.0
902,142444,4.0
902,135049,5.0
902,140407,5.0
902,139412,5.0
902,141709,5.0
902,143904,5.0
902,135174,5.0
902,145955,5.0
902,146506,5.0
902,147315,5.0
902,138512,5.0
902,137853,5.0
902,146112,5.0
902,147796,5.0
902,144572,5.0
902,138136,5.0
902,145353,4.0
902,136049,5.0
902,144762,3.0
902,143995,4.0
902,138017,4.0
902,145455,5.0
902,140246,5.0
902,143547,5.0
709,141229,5.0
709,147145,5.0
709,135033,5.0
709,142821,5.0
709,138563,5.0
709,139173,1.0
916,147737,5.0
916,134913,5.0
916,145861,5.0
916,139763,5.0
916,134891,5.0
916,137242,5.0
916,138110,5.0
916,140664,5.0
916,135668,5.0
916,145649,5.0
916,139314,5.0
916,142524,5.0
311,139112,4.0
311,147639,4.0
311,136211,5.0
311,141897,4.0
311,143773,5.0
311,143243,3.0
411,145420,5.0
411,139700,5.0
411,139906,5.0
411,135532,5.0
411,135445,5.0
812,142813,5.0
812,140334,5.0
812,147168,5.0
812,142813,5.0
812,140334,5.0
812,147168,5.0
892,140828,5.0
892,147775,5.0
892,136626,5.0
892,134990,5.0
892,146059,5.0
892,136447,5.0
892,140930,5.0
892,137981,5.0
892,143647,5.0
892,145031,5.0
892,137083,5.0
892,139487,5.0
892,135309,5.0
892,145494,5.0
892,138768,5.0
892,135136,5.0
892,145378,5.0
892,137255,5.0
892,147355,5.0
892,138166,5.0
892,135651,5.0
892,136198,5.0
892,140294,5.0
892,142763,5.0
892,135165,5.0
892,140308,5.0
892,136339,5.0
308,140978,5.0
308,141404,5.0
308,139626,5.0
308,136323,5.0
308,138211,5.0
308,144986,5.0
308,137771,5.0
170,146589,5.0
170,138600,4.0
170,136805,4.0
170,135091,5.0
170,134868,5.0
170,146456,5.0
170,142808,5.0
170,143118,5.0
922,136010,5.0
922,147312,5.0
922,145403,5.0
922,138731,5.0
922,140259,5.0
922,136334,5.0
922,145576,5.0
922,144580,5.0
922,146557,5.0
922,142922,5.0
121,134814,1.0
121,143474,1.0
121,136284,1.0
121,147091,1.0
121,134999,1.0
121,135975,1.0
708,145478,5.0
708,147267,5.0
708,138734,5.0
708,137134,5.0
708,139735,5.0
708,143965,5.0
708,139459,5.0
708,141778,5.0
708,143640,5.0
708,140497,5.0
708,136173,5.0
708,137547,5.0
708,140060,5.0
708,144552,5.0
708,142940,5.0
708,142655,5.0
708,144752,5.0
708,146995,5.0
708,136737,5.0
875,135288,4.0
875,137415,5.0
875,138654,5.0
875,147241,5.0
875,139885,4.0
634,143515,5.0
634,137194,5.0
634,147540,5.0
634,138760,5.0
634,138847,5.0
611,137243,5.0
611,141073,5.0
611,139240,5.0
611,144861,5.0
611,141167,5.0
611,145041,5.0
407,139058,5.0
407,141801,5.0
407,141240,5.0
407,136386,5.0
407,136275,5.0
535,144443,5.0
535,139148,5.0
535,142101,5.0
535,140902,5.0
535,142440,5.0
535,142039,5.0
535,139625,5.0
535,135925,5.0
535,143751,5.0
535,138358,5.0
535,144631,5.0
535,139505,5.0
603,147601,4.0
603,136807,5.0
603,139388,3.0
603,147407,5.0
603,143150,5.0
603,147202,5.0
603,137070,5.0
632,142278,5.0
632,137380,5.0
632,139201,5.0
632,145773,5.0
632,146160,5.0
632,137399,5.0
896,145180,5.0
896,141895,5.0
896,143426,5.0
896,135341,5.0
896,145260,5.0
896,147533,5.0
896,136911,5.0
896,144160,5.0
896,146003,5.0
896,140654,5.0
896,141944,5.0
896,141900,5.0
896,141053,5.0
896,138615,5.0
1066,145560,3.0
1066,136373,5.0
1066,138409,5.0
1066,144672,5.0
1066,144764,2.0
1162,139615,1.0
1162,137261,3.0
1162,134900,5.0
1162,144320,3.0
1162,137938,5.0
1162,137942,5.0
1162,140567,5.0
1162,147143,5.0
1162,135572,5.0
1162,141434,2.0
991,135180,5.0
991,142496,5.0
991,145052,5.0
991,138909,5.0
991,142983,5.0
991,146267,5.0
991,138999,5.0
368,138861,4.0
368,139401,3.0
368,143475,1.0
368,137624,5.0
368,139341,4.0
368,147810,2.0
194,143479,5.0
194,142690,5.0
194,147436,5.0
194,141309,5.0
194,138443,5.0
323,141008,5.0
323,135710,5.0
323,136262,5.0
323,146047,5.0
323,137121,5.0
323,144854,5.0
323,136492,5.0
296,146591,2.0
296,143499,2.0
296,136510,5.0
296,139288,5.0
296,139109,5.0
296,139597,5.0
296,139854,5.0
296,141966,5.0
296,135228,5.0
40,138650,4.0
40,147465,5.0
40,141986,5.0
40,143126,4.0
40,143701,5.0
40,138117,3.0
159,141087,5.0
159,135908,5.0
159,142659,3.0
159,135707,5.0
159,136873,5.0
159,144905,5.0
344,147263,5.0
344,141310,5.0
344,142048,4.0
344,144227,5.0
344,136673,4.0
344,136400,4.0
344,135640,5.0
344,140287,5.0
344,136586,5.0
344,135988,5.0
344,134841,5.0
344,144797,5.0
344,138150,5.0
344,140160,5.0
344,144101,5.0
1233,144821,5.0
1233,141591,5.0
1233,145718,5.0
1233,137775,5.0
1233,137858,5.0
1296,137224,2.0
1296,137532,2.0
1296,136124,5.0
1296,137422,1.0
1296,146519,1.0
739,147356,4.0
739,136196,5.0
739,137668,5.0
739,136679,5.0
739,135004,5.0
739,143852,5.0
739,141340,5.0
739,137245,5.0
1020,140124,5.0
1020,137559,5.0
1020,147155,5.0
1020,136825,5.0
1020,141774,5.0
1020,135909,5.0
1020,134884,5.0
1020,141094,5.0
1020,147417,5.0
1020,134904,3.0
1020,144034,5.0
1020,143563,5.0
1020,135053,4.0
1020,136594,5.0
1020,144296,4.0
1020,135137,5.0
1020,142400,3.0
1020,137939,5.0
1020,139828,5.0
1020,141517,3.0
1020,146218,5.0
1020,139480,5.0
1020,140707,5.0
1020,135976,5.0
314,138507,5.0
314,140703,3.0
314,136117,4.0
314,142289,4.0
314,144031,5.0
314,137836,5.0
314,141484,5.0
314,137513,5.0
314,136522,5.0
314,147518,2.0
314,140004,4.0
314,142751,2.0
314,145397,3.0
314,140356,4.0
314,145904,2.0
314,145469,3.0
314,141370,5.0
593,138827,5.0
593,140896,5.0
593,144840,4.0
593,143886,5.0
593,142994,5.0
790,144472,5.0
790,138718,5.0
790,141704,5.0
790,144258,5.0
790,147421,5.0
790,145485,5.0
439,138724,4.0
439,142779,3.0
439,146663,4.0
439,137541,3.0
439,141409,5.0
439,136732,4.0
439,137614,5.0
1140,147605,5.0
1140,146691,5.0
1140,147640,5.0
1140,139702,5.0
1140,140468,5.0
815,142275,5.0
815,146753,5.0
815,138560,5.0
815,145843,5.0
815,138676,4.0
103,145108,2.0
103,142157,5.0
103,146517,5.0
103,140149,4.0
103,143725,5.0
66,136078,5.0
66,142550,4.0
66,147184,4.0
66,139296,5.0
66,146426,5.0
66,145073,5.0
23,144192,5.0
23,145430,5.0
23,142735,5.0
23,144110,4.0
23,147769,5.0
219,147148,5.0
219,146319,5.0
219,140449,5.0
219,142401,1.0
219,147314,5.0
609,135348,5.0
609,147606,5.0
609,145541,5.0
609,145223,5.0
609,141710,5.0
609,140396,5.0
609,137522,5.0
465,143820,5.0
465,142769,5.0
465,143391,5.0
465,137204,5.0
465,136036,4.0
465,145150,5.0
465,139565,4.0
504,135286,5.0
504,137077,4.0
504,145141,5.0
504,144928,4.0
504,144350,5.0
504,136288,3.0
504,142611,4.0
504,136601,4.0
504,142297,5.0
504,141138,5.0
504,142555,5.0
504,140150,5.0
504,141295,4.0
504,143228,4.0
504,140595,4.0
504,139584,4.0
504,139970,4.0
504,138240,4.0
504,136149,3.0
504,146037,4.0
504,143860,5.0
504,140583,5.0
504,145771,4.0
504,146206,1.0
504,139968,4.0
504,147021,4.0
504,136585,5.0
504,143435,5.0
504,139216,4.0
504,144904,5.0
504,147806,5.0
504,137941,5.0
504,142213,4.0
504,147178,4.0
504,147560,4.0
504,135349,5.0
504,142733,5.0
504,140202,4.0
504,135531,5.0
504,144571,4.0
504,140679,5.0
504,140145,4.0
504,143919,5.0
504,137822,4.0
504,142184,5.0
504,147418,5.0
504,138583,5.0
504,135761,5.0
504,145479,5.0
504,140876,4.0
504,147008,4.0
504,135139,4.0
504,144829,5.0
504,141586,4.0
504,135212,4.0
504,139218,5.0
504,143849,5.0
504,147788,5.0
504,139447,5.0
504,143887,4.0
504,136869,4.0
504,146013,4.0
504,136983,5.0
504,137536,4.0
504,136105,5.0
504,138046,4.0
504,139048,4.0
504,146807,5.0
504,147361,4.0
504,140910,5.0
642,138406,3.0
642,140603,5.0
642,147255,5.0
642,145452,5.0
642,145498,5.0
1081,144972,5.0
1081,145136,5.0
1081,141686,5.0
1081,142304,5.0
1081,139323,5.0
1081,136561,5.0
1081,136823,5.0
1081,138540,5.0
1056,136516,5.0
1056,140218,5.0
1056,136321,5.0
1056,136516,5.0
1056,140218,5.0
1056,136321,5.0
683,139791,5.0
683,134985,5.0
683,135980,5.0
683,146811,5.0
683,146317,5.0
683,138535,5.0
683,137490,5.0
683,147751,5.0
683,146453,5.0
683,147303,5.0
683,140157,5.0
683,137473,5.0
683,139815,5.0
683,138424,5.0
683,146020,5.0
683,143092,5.0
683,135258,5.0
683,143437,5.0
683,135395,5.0
683,135009,5.0
683,140997,5.0
683,144023,5.0
683,143394,5.0
683,137561,5.0
115,144112,4.0
115,142820,4.0
115,137980,5.0
115,139637,5.0
115,144832,5.0
115,141938,5.0
230,145000,4.0
230,135987,4.0
230,138352,3.0
230,143291,4.0
230,137204,1.0
230,137186,4.0
230,139308,3.0
230,139565,4.0
230,147167,4.0
230,145589,2.0
230,140524,4.0
230,141432,4.0
230,135372,3.0
230,141768,3.0
230,136036,3.0
230,137698,3.0
230,147435,4.0
230,139225,1.0
230,146177,3.0
230,139608,5.0
230,147682,3.0
230,143842,5.0
230,137216,5.0
230,138932,2.0
56,146298,5.0
56,141988,5.0
56,140568,5.0
56,138354,5.0
56,147462,5.0
56,136464,5.0
43,138639,4.0
43,140562,4.0
43,143164,5.0
43,135168,4.0
43,142984,5.0
43,141035,3.0
974,142990,5.0
974,141003,5.0
974,141976,5.0
974,145887,5.0
974,144232,5.0
701,139562,5.0
701,139519,5.0
701,147802,5.0
701,142305,5.0
701,144806,5.0
701,146033,5.0
701,147722,5.0
701,143893,5.0
223,145384,5.0
223,143135,5.0
223,135828,5.0
223,141029,5.0
223,146071,5.0
223,135213,5.0
850,135224,5.0
850,137578,5.0
850,146559,5.0
850,143713,5.0
850,137110,5.0
453,147852,5.0
453,136948,5.0
453,140393,5.0
453,136702,5.0
453,147755,5.0
453,144765,5.0
453,147675,5.0
453,147633,5.0
453,147531,5.0
453,139683,5.0
453,138853,5.0
453,143260,5.0
453,146169,5.0
453,138503,5.0
453,137999,5.0
453,135968,5.0
453,145111,5.0
453,140306,5.0
453,145236,5.0
453,135702,5.0
453,144937,5.0
453,144946,5.0
453,141081,5.0
453,135607,5.0
453,142247,5.0
453,143943,5.0
453,136953,5.0
453,137118,5.0
453,136801,5.0
453,141270,5.0
453,137741,5.0
453,146404,5.0
453,146180,5.0
453,139948,5.0
453,145593,5.0
453,147103,5.0
453,146010,5.0
453,142349,5.0
453,137666,5.0
453,141713,5.0
453,140659,5.0
453,138417,5.0
453,139594,5.0
453,137109,5.0
453,143827,5.0
453,144278,5.0
453,140954,5.0
453,137084,5.0
453,141518,5.0
453,145311,5.0
453,144108,5.0
743,140264,4.0
743,138789,4.0
743,144207,4.0
743,144809,4.0
743,146288,4.0
743,137509,4.0
743,142261,4.0
743,141624,4.0
743,147618,4.0
110,141243,5.0
110,137963,5.0
110,135810,5.0
110,141989,5.0
110,147862,5.0
433,140208,5.0
433,142942,5.0
433,136665,5.0
433,140234,5.0
433,140382,5.0
433,145994,5.0
433,139231,5.0
1227,142110,3.0
1227,141485,2.0
1227,145969,5.0
1227,139943,1.0
1227,136067,5.0
1227,141094,2.0
1227,147038,1.0
1227,143375,5.0
1227,140395,5.0
1120,143509,5.0
1120,137552,5.0
1120,140765,4.0
1120,143101,5.0
1120,145002,5.0
1120,143960,5.0
1120,144282,4.0
1120,147785,5.0
1120,139972,5.0
1120,146990,4.0
1147,147017,5.0
1147,146202,5.0
1147,135633,5.0
1147,146787,5.0
1147,135277,5.0
1147,146459,5.0
1147,143389,5.0
1147,140104,5.0
1147,136503,4.0
1147,134978,5.0
1147,137870,5.0
1147,138715,5.0
1147,138624,5.0
1147,136609,5.0
1147,143816,5.0
1147,147763,5.0
1147,140194,5.0
1147,147784,5.0
582,142784,5.0
582,147107,5.0
582,137538,5.0
582,147797,5.0
582,141063,5.0
582,143468,4.0
582,140303,5.0
582,143421,5.0
582,136441,5.0
582,146085,5.0
582,138010,5.0
582,141125,5.0
582,135854,5.0
582,137962,5.0
582,140608,5.0
582,143014,5.0
788,136268,5.0
788,138412,5.0
788,136955,5.0
788,142127,5.0
788,147688,5.0
788,147012,5.0
788,139475,5.0
788,138001,4.0
788,138013,4.0
688,143241,5.0
688,146053,5.0
688,146316,5.0
688,140784,5.0
688,134927,5.0
688,147220,5.0
1317,136289,5.0
1317,147473,5.0
1317,135870,5.0
1317,145307,5.0
1317,142639,5.0
1317,143469,5.0
1317,146383,5.0
1317,139521,5.0
1317,134988,5.0
1317,137964,5.0
1317,138839,5.0
1317,135863,5.0
1317,142649,5.0
1317,141278,4.0
1317,140241,5.0
474,145812,4.0
474,145989,5.0
474,136757,5.0
474,137249,5.0
474,138365,5.0
474,146736,5.0
474,141803,5.0
276,140044,5.0
276,137971,5.0
276,143897,5.0
276,146781,5.0
276,138766,5.0
276,135011,5.0
1023,144042,5.0
1023,146211,5.0
1023,145894,2.0
1023,141948,4.0
1023,146902,4.0
1023,144027,2.0
340,146529,5.0
340,143461,5.0
340,136251,5.0
340,139248,5.0
340,141593,5.0
400,136769,5.0
400,144071,5.0
400,135249,5.0
400,143769,5.0
400,141192,5.0
400,146296,5.0
400,134849,5.0
400,142164,5.0
400,147323,5.0
1345,145009,5.0
1345,140728,5.0
1345,147368,5.0
1345,144520,5.0
1345,140050,5.0
1345,139451,5.0
1345,143912,5.0
1345,147700,5.0
1345,147400,1.0
306,145757,5.0
306,135981,5.0
306,135608,5.0
306,142960,5.0
306,145556,5.0
306,138579,5.0
306,143876,5.0
306,141446,5.0
975,140942,5.0
975,145145,5.0
975,147680,5.0
975,139228,5.0
975,143777,5.0
975,141248,5.0
975,145886,5.0
1064,137990,5.0
1064,143826,5.0
1064,144909,5.0
1064,137074,5.0
1064,146878,5.0
140,146648,5.0
140,141307,5.0
140,142035,5.0
140,143337,5.0
140,144445,4.0
140,146768,4.0
140,141037,5.0
658,139633,5.0
658,134941,5.0
658,138526,5.0
658,137902,5.0
658,135905,5.0
658,134844,5.0
658,147676,5.0
658,136753,5.0
658,147197,5.0
658,145817,5.0
658,138477,5.0
658,146958,5.0
658,136100,5.0
658,135628,5.0
658,139535,5.0
658,136548,5.0
1092,139832,5.0
1092,140074,5.0
1092,141946,5.0
1092,140014,4.0
1092,143170,1.0
1092,146134,5.0
1092,139497,5.0
1092,140329,5.0
1092,142298,4.0
1092,144851,5.0
1092,142814,5.0
1092,142945,5.0
1092,134815,4.0
1092,137715,4.0
1092,138103,4.0
1240,147153,5.0
1240,136277,5.0
1240,140465,5.0
1240,140070,5.0
1240,138373,5.0
1240,136329,5.0
1240,139230,5.0
661,144818,5.0
661,147587,5.0
661,136074,5.0
661,143023,4.0
661,142076,5.0
661,141770,5.0
961,136221,5.0
961,136829,5.0
961,142476,5.0
961,145962,5.0
961,139120,5.0
961,140852,5.0
961,146295,5.0
961,140064,5.0
1257,140389,5.0
1257,147365,5.0
1257,135510,5.0
1257,147655,4.0
1257,136216,5.0
330,136079,5.0
330,145528,4.0
330,141984,5.0
330,139256,5.0
330,144287,5.0
330,142462,5.0
330,142056,4.0
330,138925,5.0
330,137151,5.0
330,140061,4.0
330,141246,5.0
330,146469,5.0
330,135040,5.0
330,142171,5.0
330,134859,4.0
330,142652,5.0
330,142502,5.0
330,137975,5.0
330,135157,5.0
330,146001,5.0
330,137450,4.0
330,135130,4.0
330,135413,5.0
330,138051,4.0
330,139847,4.0
352,143709,5.0
352,147031,5.0
352,139988,5.0
352,138888,5.0
352,146263,5.0
352,142891,5.0
352,137659,5.0
352,134872,5.0
352,143517,5.0
668,147714,5.0
668,140684,5.0
668,145027,5.0
668,135109,4.0
668,145689,5.0
668,145296,5.0
668,144398,4.0
668,140686,5.0
464,144416,4.0
464,139123,4.0
464,136265,4.0
464,142680,4.0
464,144149,4.0
464,135644,4.0
464,142482,4.0
633,136384,4.0
633,147458,3.0
633,136457,4.0
633,147284,4.0
633,142825,4.0
633,135616,5.0
633,143314,5.0
1291,145323,4.0
1291,141950,3.0
1291,141174,3.0
1291,144807,4.0
1291,139919,3.0
1291,138893,4.0
1061,137040,5.0
1061,142834,5.0
1061,141769,5.0
1061,142861,5.0
1061,135108,5.0
1061,138449,5.0
1061,144292,5.0
441,142914,5.0
441,135220,5.0
441,142914,5.0
441,135220,5.0
441,142914,5.0
441,135220,5.0
470,140053,5.0
470,141361,5.0
470,146237,5.0
470,136498,4.0
470,144849,5.0
470,142314,5.0
470,134922,5.0
470,145709,4.0
470,140195,4.0
470,137539,5.0
470,147387,3.0
470,140723,4.0
470,146243,4.0
470,145850,4.0
470,144636,5.0
470,139333,5.0
470,136816,4.0
470,140168,5.0
470,138101,5.0
470,145046,5.0
470,145395,4.0
470,141443,5.0
470,135594,5.0
855,141201,5.0
855,141280,5.0
855,146080,5.0
855,136945,5.0
855,147150,5.0
855,145105,5.0
1278,146923,3.0
1278,137974,4.0
1278,144391,4.0
1278,134946,4.0
1278,139039,3.0
1278,135861,5.0
1278,135396,5.0
1278,142839,5.0
1278,134941,5.0
1278,135426,5.0
516,143436,5.0
516,138173,5.0
516,140412,5.0
516,142906,4.0
516,145530,5.0
516,145462,5.0
516,145590,5.0
1160,139281,5.0
1160,145016,5.0
1160,135361,5.0
1160,147053,5.0
1160,140079,5.0
1160,136672,5.0
1160,146949,5.0
1160,146555,4.0
1160,139035,5.0
1160,137570,5.0
1160,146337,5.0
1160,141219,5.0
488,136022,5.0
488,142249,5.0
488,143201,5.0
488,141745,5.0
488,139666,5.0
488,141608,5.0
488,137290,5.0
488,143279,5.0
488,145522,5.0
488,141533,5.0
488,136168,5.0
488,144016,5.0
488,146969,5.0
488,138196,5.0
371,143949,5.0
371,142065,5.0
371,143317,5.0
371,141322,5.0
371,144133,5.0
371,147110,5.0
371,146706,5.0
371,136768,5.0
371,135602,5.0
1190,144573,4.0
1190,140452,4.0
1190,145398,4.0
1190,144653,5.0
1190,135796,4.0
1190,146777,5.0
1190,140626,4.0
1190,143225,5.0
1190,141123,5.0
1216,146152,4.0
1216,134947,5.0
1216,147159,4.0
1216,139742,5.0
1216,136154,4.0
1216,137463,4.0
1216,138806,3.0
1216,143913,3.0
1216,146718,3.0
1216,139042,3.0
1216,146681,3.0
1216,139524,4.0
1216,137712,4.0
1216,144361,4.0
1216,145221,4.0
1216,142930,4.0
1216,136889,4.0
1216,137721,4.0
1216,147768,4.0
1216,139336,4.0
1216,137145,4.0
1216,136786,4.0
1216,145900,2.0
1216,145555,4.0
1216,145462,5.0
1216,142586,4.0
954,138108,5.0
954,144791,5.0
954,138904,4.0
954,141960,5.0
954,134946,5.0
954,144168,5.0
353,137511,5.0
353,143293,4.0
353,141784,5.0
353,139075,1.0
353,147419,3.0
353,141143,4.0
353,137272,5.0
1246,135047,1.0
1246,146331,1.0
1246,144468,1.0
1246,139850,3.0
1246,138347,1.0
507,147655,5.0
507,147365,5.0
507,147655,5.0
507,147365,5.0
507,147655,5.0
507,147365,5.0
507,147655,5.0
507,147365,5.0
391,135539,5.0
391,147550,5.0
391,147223,5.0
391,138546,5.0
391,143745,5.0
92,142217,5.0
92,143249,5.0
92,145314,5.0
92,136299,5.0
92,135962,5.0
978,139805,4.0
978,137169,4.0
978,140418,4.0
978,147243,4.0
978,145558,4.0
401,141584,5.0
401,147825,5.0
401,139117,5.0
401,144500,5.0
401,143218,5.0
849,141612,4.0
849,138368,4.0
849,139871,4.0
849,137079,4.0
849,137650,4.0
468,140767,5.0
468,142437,5.0
468,145583,5.0
468,139869,5.0
468,140775,5.0
468,135484,5.0
468,138186,5.0
207,145724,5.0
207,145920,5.0
207,145830,5.0
207,135918,5.0
207,142228,4.0
260,144688,5.0
260,144688,5.0
260,144688,5.0
260,144688,5.0
260,144688,5.0
293,140748,5.0
293,137610,5.0
293,136636,5.0
293,147100,5.0
293,140948,5.0
682,147264,3.0
682,141007,4.0
682,147264,3.0
682,141007,4.0
682,147264,3.0
682,141007,4.0
682,147264,3.0
682,141007,4.0
682,147264,3.0
682,141007,4.0
682,147264,3.0
682,141007,4.0
1306,138235,2.0
1306,139988,5.0
1306,135608,5.0
1306,146263,5.0
1306,140642,5.0
1306,140307,5.0
1152,140420,5.0
1152,138729,4.0
1152,136729,5.0
1152,141560,5.0
1152,141410,5.0
773,135029,5.0
773,136409,5.0
773,147203,5.0
773,142662,5.0
773,141877,5.0
552,135749,4.0
552,147539,5.0
552,135749,4.0
552,147539,5.0
552,135749,4.0
552,147539,5.0
552,135749,4.0
552,147539,5.0
552,135749,4.0
552,147539,5.0
552,135749,4.0
552,147539,5.0
235,138427,4.0
235,136844,3.0
235,147829,3.0
235,146721,3.0
235,137392,4.0
394,144785,5.0
394,145816,5.0
394,140069,5.0
394,136815,5.0
394,139589,5.0
237,138537,5.0
237,140394,5.0
237,134842,5.0
237,145201,4.0
237,137654,4.0
237,139454,4.0
1193,138081,4.0
1193,138779,4.0
1193,137159,5.0
1193,139149,5.0
1193,144658,5.0
156,142205,5.0
156,138385,5.0
156,137675,5.0
156,136401,5.0
156,140370,5.0
